SBID,label_0_count,label_1_count,label_2_count,label_3_count
20263.csv,459,986,1129,536
20286.csv,490,945,1281,619
20312.csv,571,4220,106,484
20365.csv,549,4565,98,529
20380.csv,281,3894,56,652
20427.csv,613,4324,69,502
20450.csv,530,3968,132,403
20521.csv,350,3890,84,484
20556.csv,426,4578,68,551
20678.csv,730,1828,493,535
20709.csv,460,4357,70,533
20816.csv,268,4076,50,557
20861.csv,743,4103,205,464
20910.csv,669,4690,187,464
20967.csv,632,4849,143,505
21485.csv,701,3930,262,345
21511.csv,632,3728,133,373
21566.csv,624,4562,151,460
21648.csv,627,3299,256,324
21739.csv,705,4577,157,458
21851.csv,592,4583,123,459
21920.csv,656,4771,115,484
21957.csv,570,4534,81,463
22660.csv,212,357,1550,562
22155.csv,534,3597,352,431
22685.csv,695,3083,216,340
23180.csv,607,3324,159,324
22053.csv,554,4652,130,642
22024.csv,432,4861,73,685
20174.csv,204,283,2145,472
20469.csv,613,3873,157,334
20636.csv,230,4112,41,581
20641.csv,333,873,1594,393
20730.csv,286,4019,44,605
20747.csv,669,3014,218,614
20858.csv,589,4199,149,488
21042.csv,655,3980,179,423
21144.csv,445,4205,99,457
21389.csv,753,4255,173,438
21459.csv,572,4173,127,468
21606.csv,673,3798,142,386
21671.csv,601,4294,145,538
21694.csv,147,2863,59,418
21700.csv,652,3342,232,310
21868.csv,462,3995,113,428
21919.csv,596,4555,145,467
22344.csv,349,4176,212,536
22333.csv,503,4874,72,492
22659.csv,278,410,1496,576
23870.csv,599,4180,112,511
22471.csv,439,4730,79,587
29381.csv,418,3697,178,324
25872.csv,177,184,2000,414
41507.csv,720,4116,189,348
25443.csv,210,169,1776,507
20324.csv,513,3960,121,389
20411.csv,586,4628,75,513
20466.csv,623,4084,184,435
20483.csv,753,1978,667,510
20560.csv,435,4560,70,584
20585.csv,621,4587,129,532
20639.csv,500,1097,1345,452
20748.csv,710,2877,261,572
20820.csv,305,3811,60,571
20857.csv,583,4247,142,424
21421.csv,440,4566,95,508
21456.csv,490,4421,71,604
21550.csv,712,4170,230,468
21609.csv,587,3838,145,408
21810.csv,670,4068,160,402
21867.csv,495,4017,167,376
21882.csv,570,5177,93,542
21916.csv,653,4708,117,501
21984.csv,625,3695,196,354
21961.csv,594,4288,124,437
41508.csv,651,4005,188,462
22114.csv,1035,3460,437,371
22065.csv,568,3816,78,434
20289.csv,402,889,1526,434
20428.csv,591,4478,117,489
20559.csv,441,4729,61,490
20600.csv,449,4394,71,490
20677.csv,829,1931,521,493
20692.csv,324,4323,70,631
20706.csv,500,4315,73,590
20771.csv,473,4020,107,421
20794.csv,304,4336,58,581
20819.csv,412,3099,137,727
20968.csv,701,4501,103,467
21074.csv,625,3473,248,326
21091.csv,611,4172,110,468
21105.csv,671,3959,178,406
21197.csv,536,4036,133,347
21418.csv,481,4259,110,503
21630.csv,305,3858,71,506
21647.csv,719,3510,292,306
21736.csv,538,2362,128,280
21741.csv,605,4343,102,432
21958.csv,677,4712,114,462
22876.csv,702,4151,158,449
29584.csv,607,3513,220,346
20261.csv,405,998,1212,611
20310.csv,162,3682,93,510
20367.csv,537,4364,108,569
20382.csv,242,3587,65,693
20425.csv,538,4258,123,457
20452.csv,659,4106,145,390
20523.csv,356,3200,89,558
20799.csv,475,4026,143,443
20814.csv,316,4085,38,594
20912.csv,706,4088,129,377
20965.csv,583,4646,111,515
21079.csv,535,3519,174,339
21108.csv,619,4221,188,469
21487.csv,616,4130,249,372
21564.csv,574,4042,141,479
21824.csv,712,4221,183,450
21853.csv,721,4629,141,447
21922.csv,643,4970,106,514
22051.csv,518,4253,70,457
21955.csv,592,4572,120,497
22026.csv,329,3976,74,730
22662.csv,182,339,1776,541
25478.csv,191,152,1978,396
23182.csv,519,3171,137,284
22615.csv,531,1733,408,696
33334.csv,237,4137,36,701
29328.csv,379,4490,66,605
33088.csv,288,187,1578,643
20176.csv,520,902,1500,449
20258.csv,280,743,1228,632
20329.csv,663,3777,113,412
20588.csv,591,4332,99,477
20634.csv,311,4286,41,624
20643.csv,745,2099,591,614
20732.csv,306,4281,49,627
20745.csv,260,4033,41,597
21040.csv,492,3431,222,356
21146.csv,605,3850,233,376
21604.csv,656,3541,218,301
21673.csv,645,4082,67,399
21696.csv,373,3465,135,299
21702.csv,694,3349,244,365
22068.csv,705,3408,240,343
22473.csv,702,4074,113,475
22346.csv,289,4085,117,562
21989.csv,665,3949,198,320
25441.csv,109,19,391,356
25870.csv,247,297,1849,364
29383.csv,662,4156,159,427
22331.csv,428,4630,54,500
22119.csv,860,3474,409,417
20326.csv,526,3921,157,411
20413.csv,606,4383,105,436
20464.csv,671,3844,166,321
20481.csv,361,813,1442,422
20515.csv,565,4517,98,512
20562.csv,434,4573,67,566
20587.csv,574,4471,97,518
20822.csv,198,3440,46,610
20855.csv,400,4296,87,492
21038.csv,530,3579,170,343
21149.csv,684,3834,227,353
21384.csv,605,4203,118,414
21423.csv,427,4255,106,473
21454.csv,566,4267,78,440
21552.csv,671,4042,243,376
21699.csv,611,3451,235,306
21812.csv,623,3782,150,340
21865.csv,487,3919,117,451
21880.csv,551,4839,105,511
21914.csv,655,4590,132,511
21986.csv,638,3367,249,341
21963.csv,628,4068,145,392
22116.csv,1350,2671,812,436
22654.csv,147,266,1717,493
22349.csv,386,4420,105,574
20368.csv,562,1088,895,460
20602.csv,323,4207,43,607
20675.csv,422,3223,134,678
20690.csv,406,3354,154,549
20704.csv,409,4209,86,477
20773.csv,537,4186,100,453
20796.csv,385,4370,69,517
21076.csv,631,3215,239,315
21093.csv,598,4146,98,433
21107.csv,694,3948,184,382
21488.csv,599,4443,160,438
21632.csv,390,4239,73,549
21645.csv,712,3751,220,380
21734.csv,687,4017,135,329
21743.csv,637,3719,266,376
40932.csv,558,4001,86,443
22874.csv,674,4288,186,408
22445.csv,390,4333,74,573
22029.csv,588,4297,84,464
25477.csv,208,173,1815,476
20294.csv,679,1945,737,539
20300.csv,596,1865,878,532
20377.csv,769,2334,427,646
20392.csv,335,3682,86,674
20442.csv,356,3499,262,513
20533.csv,518,3261,122,711
20789.csv,298,4173,52,620
20804.csv,313,4433,39,580
20896.csv,297,4373,48,656
20902.csv,799,4221,156,436
21069.csv,592,3619,249,391
21330.csv,657,4176,155,391
21405.csv,504,3846,121,422
21472.csv,446,3959,97,418
21497.csv,622,4370,97,452
21503.csv,640,4413,121,512
21591.csv,462,4483,44,568
21834.csv,702,4664,159,502
21843.csv,654,4364,117,426
22036.csv,552,4318,74,500
22672.csv,129,274,1845,437
23177.csv,618,3058,260,327
22041.csv,561,4070,156,481
33098.csv,644,4044,202,394
37725.csv,390,4862,70,586
25468.csv,174,134,2213,516
21932.csv,506,3542,181,418
23100.csv,497,3900,132,386
20166.csv,284,454,2154,479
20339.csv,395,3261,102,733
20598.csv,369,4062,77,561
20624.csv,257,3775,75,605
20653.csv,774,2001,617,531
20722.csv,674,3076,180,591
20755.csv,280,3996,42,537
21050.csv,700,4042,166,407
21156.csv,627,4392,150,424
21663.csv,597,4287,156,418
21686.csv,581,4118,71,416
21765.csv,433,4133,66,408
22356.csv,566,3721,163,418
22463.csv,548,4638,110,548
21999.csv,633,3614,163,377
25451.csv,159,116,2039,405
22565.csv,782,3843,215,417
22486.csv,603,3467,161,372
23862.csv,741,4991,108,492
20169.csv,219,281,2323,592
20336.csv,443,3331,130,714
20341.csv,365,3306,98,539
20403.csv,607,4656,93,528
20474.csv,485,3603,124,610
20505.csv,811,1983,566,533
20572.csv,519,4549,93,497
20597.csv,361,4322,47,628
20832.csv,436,4298,75,579
20845.csv,309,4071,66,638
21200.csv,394,4358,38,543
21292.csv,300,3888,54,523
21394.csv,576,3855,211,336
21433.csv,349,4589,52,622
21444.csv,727,3894,202,325
21542.csv,754,3492,256,336
21689.csv,632,3818,99,381
21875.csv,353,3031,252,377
21890.csv,438,4828,63,577
21904.csv,689,4402,105,404
21996.csv,339,2810,152,417
24631.csv,193,3135,119,735
22000.csv,685,4397,95,375
25707.csv,288,294,1491,460
29379.csv,617,3671,165,326
21973.csv,508,3968,81,439
20150.csv,620,4345,83,419
20378.csv,436,2960,156,717
20612.csv,745,1853,461,613
20665.csv,417,3195,177,781
20680.csv,627,3047,114,602
20714.csv,513,3253,78,740
20763.csv,380,4011,85,432
20786.csv,436,3596,103,542
20899.csv,554,4417,75,506
21066.csv,613,3362,195,312
21083.csv,290,4346,38,626
21498.csv,666,4604,139,454
21622.csv,275,4121,48,540
21655.csv,592,3960,148,408
21753.csv,658,4230,129,392
22039.csv,549,4132,75,450
22881.csv,391,1328,99,157
23178.csv,811,2842,462,235
22524.csv,384,4760,61,708
22148.csv,455,4816,59,589
25467.csv,151,114,1868,408
22455.csv,569,4503,68,500
23925.csv,709,4398,106,475
29340.csv,645,4069,139,474
29573.csv,347,3854,71,511
41554.csv,560,4024,118,464
20273.csv,472,4533,115,531
20296.csv,653,1838,874,396
20375.csv,697,2243,336,650
20390.csv,791,2655,199,598
20437.csv,372,4552,83,607
20440.csv,316,3727,225,488
20531.csv,317,3884,66,580
20668.csv,362,3731,68,574
20719.csv,924,2123,562,573
20806.csv,306,4180,46,537
20894.csv,351,4667,47,573
20900.csv,642,4149,92,481
21332.csv,667,4073,183,465
21407.csv,535,3845,134,434
21470.csv,436,4438,96,450
21495.csv,708,4127,132,415
21501.csv,765,4725,201,481
21593.csv,491,4530,66,590
21658.csv,613,3824,102,366
21836.csv,661,3910,124,400
21841.csv,678,4426,157,446
22034.csv,510,4595,109,614
22145.csv,801,4098,278,427
22458.csv,420,4436,84,502
21930.csv,641,3858,267,377
21947.csv,715,4209,134,436
23175.csv,570,3255,151,374
41135.csv,727,3824,119,410
33326.csv,564,3921,235,348
22043.csv,608,4179,92,421
22529.csv,479,4954,75,659
20164.csv,553,935,1308,526
20479.csv,504,1062,1139,769
20651.csv,468,1023,1218,465
20720.csv,585,2977,154,587
20757.csv,262,3818,60,615
20848.csv,247,3922,51,618
21052.csv,663,3936,186,393
21154.csv,640,3901,180,337
21399.csv,327,4055,43,534
21449.csv,504,3805,202,378
21616.csv,473,4199,105,414
21661.csv,748,4160,157,418
21684.csv,645,3923,109,387
21710.csv,279,4027,54,443
21767.csv,205,2841,88,398
21878.csv,557,3953,215,408
21909.csv,666,4121,109,480
22323.csv,502,4463,54,455
22354.csv,662,3932,215,440
22461.csv,696,3916,151,454
22484.csv,731,3622,197,316
22649.csv,157,312,1585,561
25453.csv,182,129,2065,461
20334.csv,493,4354,100,447
20343.csv,256,3733,82,604
20401.csv,465,4681,60,469
20476.csv,294,3747,50,586
20493.csv,561,3125,149,665
20507.csv,490,3414,86,527
20570.csv,618,4229,133,442
20595.csv,718,2170,378,596
20629.csv,307,4079,46,631
20758.csv,340,3928,28,578
20830.csv,351,3987,45,436
20847.csv,275,4258,32,630
21373.csv,658,4417,140,451
21396.csv,479,4166,142,417
21431.csv,348,4662,32,580
21446.csv,611,3700,273,364
21540.csv,451,3254,142,376
21619.csv,372,3838,94,387
21768.csv,552,3411,218,341
21877.csv,630,3770,247,431
21892.csv,586,4897,121,589
21906.csv,683,4621,103,483
21971.csv,604,4619,76,520
24633.csv,280,3463,81,624
41469.csv,259,3701,244,638
20152.csv,246,290,1720,551
20299.csv,695,1883,880,464
20438.csv,221,3623,222,588
20610.csv,504,884,1177,588
20667.csv,277,4010,79,643
20682.csv,629,3066,163,627
20716.csv,783,2411,508,743
20761.csv,355,4079,43,586
20784.csv,783,3009,352,521
20809.csv,292,4220,41,613
21064.csv,630,3745,233,366
21408.csv,463,4418,94,493
21620.csv,387,3861,61,425
21657.csv,657,3868,136,390
21751.csv,744,4245,153,351
21839.csv,666,4163,121,448
21948.csv,644,4490,93,405
22883.csv,631,975,1098,379
22526.csv,324,3311,226,897
25465.csv,223,138,1728,435
25480.csv,206,152,2198,507
23099.csv,485,3840,85,445
23821.csv,339,5058,48,659
29571.csv,490,4227,126,435
33588.csv,245,480,1689,549
22457.csv,441,4656,87,623
20268.csv,727,2186,489,677
20319.csv,657,4219,125,478
20604.csv,294,3942,56,683
20673.csv,491,3217,125,684
20696.csv,302,4094,41,603
20702.csv,358,4064,57,536
20775.csv,396,3593,100,401
20790.csv,359,3627,76,587
21070.csv,597,3612,157,373
21095.csv,593,4175,108,472
21101.csv,576,4174,112,409
21176.csv,259,4207,44,491
21588.csv,459,4519,39,523
21634.csv,482,3698,100,403
21643.csv,679,3821,167,408
21732.csv,727,4296,173,455
21745.csv,662,4107,119,397
22058.csv,663,4353,105,411
29580.csv,766,3650,336,381
25500.csv,165,137,2123,391
25494.csv,207,122,2084,435
33115.csv,495,4879,42,552
25471.csv,206,128,2299,534
40934.csv,608,3773,155,332
20226.csv,410,4480,71,529
20320.csv,605,3969,107,481
20415.csv,603,4442,81,462
20462.csv,593,4039,180,390
20487.csv,573,1014,1360,431
20513.csv,524,4555,81,488
20564.csv,560,4765,82,537
20581.csv,623,4116,63,453
20824.csv,257,3647,40,651
20853.csv,405,4436,99,569
20922.csv,621,4106,190,429
20955.csv,552,4859,80,494
21049.csv,613,4027,189,403
21382.csv,621,3912,244,356
21425.csv,588,3926,188,440
21452.csv,679,4188,147,450
21554.csv,631,3928,180,394
21814.csv,698,4877,161,506
21863.csv,490,4317,132,508
21886.csv,461,5029,50,654
21912.csv,604,4824,102,430
21980.csv,363,3743,65,444
22061.csv,553,4251,107,455
22338.csv,472,4082,93,410
21965.csv,641,4650,152,489
20170.csv,651,1315,1101,527
20488.csv,435,986,1341,291
20632.csv,358,4288,44,635
20645.csv,395,564,1536,415
20734.csv,215,3328,84,522
21046.csv,718,3939,292,396
21675.csv,690,4176,126,399
21690.csv,537,3807,90,362
21704.csv,678,3247,236,293
21889.csv,528,4639,90,532
22340.csv,445,4103,103,503
22475.csv,691,4148,148,430
24628.csv,409,3984,55,502
22337.csv,366,4055,147,426
20149.csv,520,4443,102,487
20210.csv,525,965,1324,586
20267.csv,717,2156,478,672
20316.csv,577,4171,87,433
20361.csv,503,4276,59,549
20423.csv,598,4186,93,467
20454.csv,550,4174,117,379
20525.csv,428,3496,124,596
20699.csv,412,3989,61,531
20812.csv,331,3923,49,572
20914.csv,634,4370,104,404
20963.csv,608,4491,88,513
21179.csv,345,3719,65,505
21481.csv,390,4061,112,414
21562.csv,601,4070,113,444
21587.csv,515,4290,44,469
21822.csv,472,4559,77,566
21855.csv,608,4600,95,468
21924.csv,585,4809,111,479
22057.csv,636,4687,85,506
22151.csv,652,3809,186,481
21953.csv,697,4053,90,384
23184.csv,620,3203,169,285
20459.csv,516,3851,143,377
20528.csv,226,3944,66,587
20606.csv,640,2731,170,538
20694.csv,298,3910,78,630
20700.csv,383,4134,57,561
20777.csv,546,3303,109,528
20792.csv,307,4126,51,496
20919.csv,668,4764,127,462
21072.csv,601,3686,236,330
21097.csv,653,4283,87,457
21103.csv,704,4188,122,369
21174.csv,270,4091,73,579
21469.csv,421,4475,65,464
21641.csv,494,4594,39,712
21747.csv,611,4327,146,366
21929.csv,448,3670,209,372
22895.csv,237,305,1979,357
29582.csv,636,3934,213,378
29354.csv,645,4258,131,384
33117.csv,282,290,1752,548
25473.csv,195,162,2303,458
22901.csv,180,253,2083,416
22669.csv,125,232,1662,452
22530.csv,529,4777,58,655
20322.csv,678,4077,95,414
20355.csv,438,3064,151,662
20417.csv,630,4466,99,517
20460.csv,609,3975,132,393
20485.csv,455,778,1522,409
20511.csv,377,4373,46,546
20566.csv,584,4508,80,498
20583.csv,749,4260,93,419
20648.csv,247,459,1407,631
20826.csv,262,3916,54,531
20851.csv,371,4157,54,520
20920.csv,675,4580,149,480
20957.csv,579,4730,100,469
21312.csv,424,4621,43,603
21380.csv,723,3784,245,344
21427.csv,627,4404,181,519
21450.csv,677,3837,217,354
21556.csv,689,3967,206,406
21678.csv,563,4032,73,405
21709.csv,644,3699,143,372
21816.csv,326,4392,76,740
21861.csv,470,4455,115,452
21884.csv,582,5272,113,632
21910.csv,662,4208,112,457
21982.csv,510,3885,195,367
22063.csv,610,4122,125,447
21967.csv,689,4552,118,387
22478.csv,362,3430,220,887
20172.csv,182,223,2120,535
20418.csv,580,4354,96,433
20569.csv,576,4014,75,368
20630.csv,290,4380,36,635
20647.csv,540,1070,1041,566
20736.csv,455,4363,125,543
20829.csv,315,4265,76,558
20958.csv,493,4500,88,466
21428.csv,664,4281,144,449
21559.csv,799,4485,178,454
21600.csv,553,4269,102,462
21677.csv,632,3914,117,458
21692.csv,316,4044,48,441
21706.csv,704,3711,150,339
21819.csv,328,4219,52,645
21968.csv,631,4121,118,380
22342.csv,258,3145,237,596
22335.csv,551,4436,65,504
22477.csv,279,4032,109,729
33121.csv,722,4198,239,423
25445.csv,208,153,1953,378
20212.csv,403,986,1085,606
20265.csv,442,939,1265,683
20280.csv,533,865,954,508
20314.csv,551,3987,59,478
20363.csv,643,4467,99,550
20386.csv,688,3023,215,657
20421.csv,542,4022,121,471
20456.csv,583,4408,177,367
20778.csv,692,2716,260,657
20810.csv,282,3921,44,594
20916.csv,699,4540,128,481
20961.csv,681,4413,134,461
21098.csv,540,4216,103,457
21411.csv,358,4100,52,603
21466.csv,586,3899,201,407
21483.csv,605,4191,248,406
21560.csv,639,4028,130,449
21639.csv,383,4366,52,564
21748.csv,634,4282,165,415
21820.csv,397,4212,119,780
21857.csv,610,4735,100,448
21926.csv,523,3932,146,455
22022.csv,421,4804,59,596
22055.csv,555,4490,108,508
21951.csv,723,4295,106,449
22153.csv,626,3850,182,414
22666.csv,175,320,1554,649
25499.csv,195,149,1996,374
33330.csv,653,4181,221,420
22683.csv,757,3566,258,356
33405.csv,430,5150,62,602
33591.csv,242,446,1623,440
20399.csv,507,4817,50,422
20449.csv,644,4204,136,432
20616.csv,655,2046,452,759
20661.csv,293,4126,60,633
20684.csv,704,2848,247,516
20710.csv,365,4202,56,624
20767.csv,464,4218,123,524
20782.csv,696,2962,297,560
20909.csv,656,4739,147,467
21062.csv,581,3529,185,359
21087.csv,395,4710,44,712
21181.csv,344,4322,80,589
21479.csv,542,4299,160,401
21508.csv,617,4372,170,495
21626.csv,311,4073,28,542
21651.csv,646,3757,218,324
21757.csv,691,4383,114,423
21848.csv,659,4208,104,425
23827.csv,638,4149,120,429
22451.csv,445,4607,108,674
22679.csv,206,298,1468,669
22885.csv,195,285,1814,416
22520.csv,464,4801,71,572
25486.csv,17,2,11,116
29577.csv,699,4103,188,363
23921.csv,686,4431,146,517
21939.csv,348,4687,45,677
41212.csv,649,3965,160,424
29344.csv,687,3960,176,427
40926.csv,643,3870,99,406
20332.csv,696,3949,117,448
20407.csv,618,4160,99,515
20470.csv,581,3717,209,307
20495.csv,369,3555,108,603
20501.csv,251,3607,49,601
20576.csv,583,4509,95,428
20593.csv,536,848,1316,469
20658.csv,530,3053,141,694
20729.csv,318,4210,66,684
20836.csv,505,4067,150,386
20947.csv,287,4729,64,561
21375.csv,642,4421,136,474
21437.csv,539,3436,396,434
21440.csv,630,3961,98,340
21546.csv,726,3699,271,399
21668.csv,626,4087,97,430
21806.csv,718,4023,241,349
21871.csv,388,4441,85,476
21894.csv,521,5154,91,623
21900.csv,660,4238,136,356
21992.csv,628,3392,254,361
21977.csv,507,3651,168,366
23869.csv,643,4146,134,398
25703.csv,209,269,1799,402
22468.csv,283,3116,161,891
33423.csv,681,3745,255,318
20408.csv,647,4321,98,542
20579.csv,603,4585,114,441
20620.csv,627,2960,164,676
20657.csv,715,2067,408,561
20726.csv,282,3857,87,671
20751.csv,292,3443,46,500
20839.csv,308,3775,56,654
21054.csv,619,3859,203,392
21152.csv,625,4143,152,389
21299.csv,574,4034,57,491
21438.csv,564,3513,208,338
21549.csv,654,3943,204,381
21610.csv,621,3979,124,418
21682.csv,573,3958,106,469
21761.csv,82,2491,30,624
21809.csv,601,4301,151,433
22325.csv,494,4592,78,481
21978.csv,573,3498,128,313
22467.csv,360,4306,42,575
22821.csv,233,377,1768,357
23866.csv,662,4448,140,436
22482.csv,251,2504,197,402
40982.csv,654,3945,170,352
41511.csv,731,4180,164,420
20275.csv,614,4376,111,513
20290.csv,758,2229,542,575
20304.csv,801,2254,664,635
20373.csv,500,1595,521,627
20396.csv,381,4539,63,547
20431.csv,589,4550,115,432
20446.csv,600,3622,132,401
20537.csv,355,3079,121,603
20540.csv,846,2253,413,623
20619.csv,635,3165,136,618
20768.csv,400,4094,89,406
20800.csv,320,3585,123,452
20906.csv,739,4526,96,498
20971.csv,656,4656,111,476
21088.csv,578,4349,88,389
21401.csv,281,4190,37,493
21476.csv,668,3939,231,368
21493.csv,634,4400,137,359
21507.csv,672,4135,131,454
21595.csv,620,4474,92,411
21629.csv,352,3910,76,574
21758.csv,689,4415,83,449
21830.csv,736,4120,117,411
21847.csv,668,4622,134,439
22032.csv,574,4536,60,500
21941.csv,437,3443,294,763
23104.csv,625,3297,147,345
22045.csv,560,4192,141,480
23173.csv,485,3685,89,424
21936.csv,714,4532,109,391
29578.csv,534,4003,168,354
40929.csv,670,3720,130,441
22818.csv,689,1147,767,534
23828.csv,696,3143,133,346
24691.csv,306,4193,64,689
20614.csv,552,1758,356,501
20663.csv,392,3458,91,513
20686.csv,313,3399,80,528
20712.csv,15,1532,28,286
20765.csv,452,4370,118,476
20780.csv,487,3618,110,585
21060.csv,588,3538,177,398
21085.csv,369,4349,59,635
21111.csv,351,4146,72,569
21598.csv,650,4572,97,464
21624.csv,265,4274,26,559
21653.csv,388,3265,221,272
21755.csv,748,4241,163,453
22048.csv,494,4328,70,430
25461.csv,196,134,2186,458
23825.csv,682,3949,101,421
33105.csv,839,4076,123,350
22522.csv,491,4790,100,652
22453.csv,497,4464,84,463
29575.csv,527,4054,103,415
20330.csv,643,3884,87,371
20405.csv,601,4086,100,495
20472.csv,470,3830,204,425
20497.csv,299,3794,36,581
20503.csv,247,3863,61,638
20574.csv,474,4595,107,413
20834.csv,422,4198,52,516
20843.csv,296,3845,72,552
20945.csv,678,3485,204,294
21059.csv,675,3610,225,317
21294.csv,449,3903,96,451
21300.csv,631,4014,94,460
21377.csv,645,4204,162,487
21392.csv,502,3823,186,425
21435.csv,389,4012,159,409
21442.csv,674,3660,210,348
21533.csv,726,4248,163,432
21873.csv,598,3567,212,343
21896.csv,529,4785,112,602
21902.csv,597,4375,96,429
21990.csv,469,3315,169,296
22328.csv,505,4588,87,498
22635.csv,305,3401,269,918
33363.csv,530,4158,140,386
25458.csv,244,177,1727,558
21975.csv,612,3368,249,347
37898.csv,423,4362,65,532
20160.csv,179,295,1899,386
20498.csv,345,3802,21,602
20622.csv,458,3085,97,599
20655.csv,856,2169,512,466
20724.csv,586,2906,197,565
20753.csv,307,3872,54,572
21056.csv,684,3669,216,409
21150.csv,722,4194,144,433
21378.csv,596,4527,155,450
21665.csv,584,3717,124,388
21680.csv,614,4109,74,464
21899.csv,689,4222,150,394
22327.csv,695,4158,94,426
22178.csv,331,3634,301,529
22350.csv,368,3795,294,546
22465.csv,463,4006,126,533
22480.csv,520,3398,131,318
22563.csv,752,3642,161,353
23864.csv,491,4460,234,504
40980.csv,578,3961,181,364
37897.csv,264,4040,49,491
20277.csv,672,4174,98,437
20292.csv,686,1897,744,561
20306.csv,786,2083,706,589
20371.csv,451,907,1151,613
20394.csv,329,4311,69,522
20433.csv,439,3630,115,622
20444.csv,572,3778,71,399
20535.csv,676,2262,380,607
20689.csv,449,3704,113,655
20802.csv,485,3643,137,355
20904.csv,614,4175,81,505
21403.csv,412,4060,55,512
21474.csv,631,3633,230,341
21491.csv,674,4202,176,362
21505.csv,658,4454,127,437
21597.csv,652,4433,91,490
21832.csv,590,4374,109,422
21845.csv,740,4346,135,476
22047.csv,523,4700,78,514
22674.csv,178,338,1905,491
23171.csv,574,3456,82,404
22030.csv,557,4464,107,457
37723.csv,312,4614,46,527
20288.csv,743,2054,523,640
20429.csv,551,4565,81,495
20558.csv,401,4782,75,603
20601.csv,395,4710,75,537
20676.csv,824,2113,522,630
20693.csv,284,3992,55,517
20707.csv,453,4470,81,606
20770.csv,366,4231,86,534
20795.csv,325,4420,44,576
20818.csv,291,3809,60,655
21075.csv,662,3453,255,326
21090.csv,636,4072,96,435
21104.csv,642,4023,167,536
21173.csv,284,4183,65,575
21419.csv,479,4194,146,444
21631.csv,293,4022,52,488
21740.csv,585,3663,118,388
21959.csv,638,4150,102,425
22877.csv,613,3977,114,421
24028.csv,454,3803,110,375
22971.csv,659,2937,109,299
25491.csv,212,177,2144,382
25474.csv,203,102,2038,472
20325.csv,698,4085,103,431
20410.csv,480,4269,121,451
20467.csv,573,4070,203,410
20482.csv,803,1810,576,553
20516.csv,585,4669,96,536
20561.csv,437,4803,57,561
20584.csv,759,4425,100,427
20638.csv,268,4107,41,570
20821.csv,284,3698,75,651
20856.csv,532,4067,79,507
21387.csv,750,4281,131,406
21420.csv,498,4135,141,430
21457.csv,469,4396,78,558
21551.csv,670,3939,199,435
21608.csv,601,3835,140,415
21811.csv,676,3989,182,372
21866.csv,497,4000,123,469
21883.csv,480,5068,110,646
21917.csv,611,4305,105,432
21960.csv,646,4596,111,517
22115.csv,340,4482,131,481
22064.csv,589,3963,98,420
21985.csv,632,3483,199,343
22839.csv,249,315,1791,474
41509.csv,683,4040,181,435
20175.csv,194,187,2316,554
20468.csv,593,3963,164,329
20637.csv,345,4142,42,628
20640.csv,351,896,1371,421
20731.csv,348,4385,65,587
20746.csv,294,3691,57,619
20859.csv,706,4166,184,430
21043.csv,679,3803,184,400
21145.csv,564,3847,137,366
21388.csv,710,4260,150,369
21458.csv,572,4033,98,391
21607.csv,552,3555,142,377
21670.csv,619,3932,117,435
21695.csv,342,3614,67,348
21701.csv,608,3398,166,298
21869.csv,443,3941,152,409
21918.csv,576,4597,124,497
22345.csv,330,4100,106,613
25442.csv,277,167,1582,609
23871.csv,610,3942,105,355
22332.csv,424,4688,54,551
22470.csv,384,4738,44,627
29427.csv,277,3907,62,493
29380.csv,633,3817,192,307
20262.csv,384,910,1009,636
20287.csv,461,1059,1197,516
20313.csv,508,3873,63,370
20364.csv,542,4290,81,499
20381.csv,217,3581,52,642
20426.csv,584,4670,100,457
20451.csv,645,4219,137,450
20520.csv,273,3842,61,562
20557.csv,360,4565,55,623
20679.csv,616,2993,172,615
20708.csv,364,4117,77,520
20817.csv,209,3734,71,703
20860.csv,644,3941,176,364
20911.csv,630,3988,107,402
20966.csv,618,4389,79,464
21199.csv,296,4671,50,637
21484.csv,564,4001,238,441
21510.csv,564,3166,131,334
21649.csv,676,3780,258,419
21738.csv,771,4274,135,415
21850.csv,644,4135,142,430
21921.csv,657,4803,101,456
22052.csv,508,4387,65,517
22449.csv,612,4521,112,519
22154.csv,438,3448,209,338
22684.csv,736,3299,315,311
22661.csv,200,413,1761,619
21956.csv,574,4409,111,436
22878.csv,555,4061,169,402
23181.csv,503,3238,156,326
22025.csv,407,4099,43,723
20603.csv,283,3984,37,604
20674.csv,254,4046,75,802
20691.csv,311,4260,73,588
20705.csv,497,4400,73,629
20772.csv,550,4438,119,497
20797.csv,507,4132,117,442
21077.csv,630,3657,225,344
21092.csv,680,4236,76,449
21106.csv,690,3872,148,381
21171.csv,298,3708,41,525
21489.csv,568,4203,193,411
21633.csv,341,4049,54,505
21644.csv,578,3624,128,346
21735.csv,787,4177,185,462
21742.csv,681,4162,122,392
22028.csv,287,4212,146,813
22444.csv,426,3307,348,813
40933.csv,568,3496,160,271
22875.csv,694,3937,198,368
25493.csv,244,175,2030,419
20327.csv,781,4124,131,415
20412.csv,620,4522,99,445
20465.csv,616,4195,163,391
20480.csv,583,1250,1122,640
20514.csv,502,4468,69,454
20563.csv,479,4500,67,452
20586.csv,580,4642,124,499
20823.csv,295,3489,52,643
20854.csv,316,4076,33,549
20952.csv,529,4894,96,585
21039.csv,374,1560,85,145
21148.csv,683,3573,239,316
21385.csv,675,4438,150,438
21422.csv,429,4380,93,482
21455.csv,557,4669,101,555
21553.csv,702,4149,188,325
21698.csv,516,3752,115,372
21813.csv,587,4069,90,448
21864.csv,497,4225,145,426
21881.csv,604,4764,89,558
21915.csv,667,4694,143,494
21987.csv,631,3160,216,254
21962.csv,678,4092,118,458
22066.csv,699,4030,150,368
22348.csv,326,3852,271,567
22117.csv,669,3523,250,404
20259.csv,300,839,1130,679
20328.csv,647,4115,95,406
20589.csv,691,4527,99,501
20635.csv,306,4251,58,552
20642.csv,335,757,1738,390
20733.csv,346,4373,109,563
20744.csv,277,3880,39,643
21041.csv,638,3710,195,390
21147.csv,549,3876,218,416
21605.csv,712,3755,182,406
21672.csv,684,3919,96,411
21697.csv,480,3784,126,308
21703.csv,709,3081,278,348
22330.csv,542,4755,94,481
29382.csv,456,3734,161,404
25440.csv,376,90,1575,660
40997.csv,434,5000,62,506
25871.csv,228,265,2101,417
22347.csv,266,3971,147,571
22472.csv,823,4000,167,399
20260.csv,306,732,1089,697
20285.csv,533,988,1174,682
20311.csv,437,4209,78,451
20366.csv,564,4272,82,483
20383.csv,271,3754,75,658
20424.csv,570,4336,116,487
20453.csv,706,3988,149,371
20522.csv,380,3697,90,570
20798.csv,489,4186,116,464
20815.csv,273,4027,49,529
20862.csv,566,3544,124,377
20913.csv,674,4410,157,409
20964.csv,704,4479,135,556
21078.csv,328,3496,157,395
21109.csv,711,3957,139,349
21486.csv,642,3928,228,396
21512.csv,228,2484,193,441
21565.csv,576,4667,111,480
21852.csv,666,4785,143,484
21923.csv,627,4522,65,533
22050.csv,463,4413,63,481
22027.csv,380,4359,51,675
21954.csv,788,4534,127,485
23183.csv,609,3275,166,354
25479.csv,238,207,2391,424
29329.csv,364,4593,44,691
20151.csv,247,232,1877,619
20613.csv,596,1582,291,491
20664.csv,707,2967,178,553
20681.csv,478,2633,133,504
20715.csv,683,2213,436,779
20762.csv,298,3944,41,533
20787.csv,507,3782,89,586
20898.csv,465,4731,63,570
21067.csv,656,3846,269,368
21499.csv,680,4387,178,449
21623.csv,405,4165,49,494
21654.csv,608,3829,145,403
21752.csv,713,4019,163,466
22149.csv,763,4047,230,347
22454.csv,465,4323,67,498
25466.csv,167,130,1890,416
22525.csv,351,4609,67,779
22880.csv,302,4180,57,539
33102.csv,752,4201,251,428
23179.csv,589,3336,208,394
29572.csv,532,4236,72,554
23822.csv,446,4455,64,505
29341.csv,721,3669,120,468
22038.csv,599,4424,86,439
20168.csv,208,284,2059,426
20337.csv,568,2909,140,616
20340.csv,355,3233,97,638
20402.csv,521,4522,82,474
20475.csv,281,4013,68,656
20490.csv,37,205,244,193
20504.csv,606,2440,296,511
20573.csv,676,4388,137,473
20596.csv,290,3926,59,572
20833.csv,538,4567,68,574
20844.csv,315,3821,84,656
21293.csv,333,4066,48,512
21395.csv,492,4179,172,421
21432.csv,393,4656,40,604
21445.csv,702,3779,257,398
21534.csv,703,4402,101,453
21543.csv,672,3132,271,298
21688.csv,609,3892,76,401
21803.csv,558,3820,221,360
21874.csv,416,3507,231,410
21891.csv,425,4876,56,614
21905.csv,672,4458,130,415
21997.csv,353,2986,318,523
22488.csv,691,4001,141,434
21972.csv,544,4551,84,537
24630.csv,408,4181,48,589
20167.csv,239,319,2067,423
20338.csv,577,2669,148,590
20599.csv,388,4070,71,430
20625.csv,298,3682,71,628
20652.csv,487,983,1329,395
20723.csv,667,2953,225,567
20754.csv,208,3686,25,538
21051.csv,696,3827,184,455
21662.csv,687,4016,122,385
21687.csv,638,3792,89,450
21764.csv,708,3871,170,377
22487.csv,662,4006,177,473
21998.csv,573,3521,203,366
22564.csv,665,3767,171,448
23863.csv,661,4424,88,412
29442.csv,589,3880,200,456
22462.csv,555,4230,59,466
20295.csv,622,1829,845,489
20301.csv,472,952,1492,380
20376.csv,669,2181,385,662
20434.csv,398,3643,103,684
20443.csv,592,4174,109,416
20532.csv,580,2879,156,553
20788.csv,485,3715,134,571
20805.csv,369,4069,34,533
20897.csv,381,4615,78,571
20903.csv,742,3982,96,390
21068.csv,687,3654,245,373
21331.csv,653,4118,180,401
21404.csv,405,3824,66,459
21473.csv,499,3974,150,429
21496.csv,534,4597,137,473
21502.csv,660,4518,161,469
21590.csv,349,4378,20,513
21835.csv,615,4475,124,430
21842.csv,671,4231,123,408
22673.csv,230,307,1488,661
29339.csv,751,3829,216,401
22040.csv,608,4047,175,499
22037.csv,536,4430,92,500
21933.csv,569,3712,235,365
23101.csv,357,2582,50,340
20298.csv,544,1728,871,416
20439.csv,498,3416,469,579
20611.csv,453,859,1029,561
20666.csv,375,3705,93,568
20683.csv,648,2693,189,564
20717.csv,705,2048,532,632
20760.csv,302,3932,41,538
20785.csv,347,3729,118,638
20808.csv,299,4169,54,543
21065.csv,593,3684,246,366
21080.csv,569,3537,209,405
21409.csv,423,4696,82,480
21621.csv,402,4349,73,445
21656.csv,675,3831,143,351
21750.csv,696,4162,173,358
21838.csv,594,4306,174,415
22456.csv,540,4323,85,552
22609.csv,420,2750,27,409
22882.csv,191,236,1934,374
21949.csv,673,4427,141,444
41287.csv,686,3947,104,441
20342.csv,477,3244,166,688
20400.csv,455,4543,66,556
20477.csv,296,3780,88,690
20571.csv,435,4452,97,458
20594.csv,723,2150,455,657
20628.csv,226,4129,32,612
20759.csv,332,4182,85,554
20831.csv,276,4076,36,476
20846.csv,296,4400,54,642
21372.csv,595,4220,92,461
21397.csv,423,4454,62,485
21447.csv,470,4284,122,509
21541.csv,512,3552,188,460
21618.csv,417,3911,81,369
21876.csv,651,3472,255,337
21893.csv,574,4747,102,488
21907.csv,640,4492,145,512
21970.csv,630,4305,109,454
24632.csv,344,4094,49,698
21995.csv,509,3155,192,288
25704.csv,152,209,1986,355
20165.csv,232,434,1616,447
20478.csv,595,2880,200,679
20509.csv,315,4132,45,690
20627.csv,264,4218,53,718
20650.csv,508,1116,1141,564
20721.csv,717,3029,156,621
20756.csv,305,3901,31,635
20849.csv,331,4145,36,541
21053.csv,609,3657,155,445
21155.csv,656,3709,278,328
21398.csv,483,4563,81,580
21448.csv,563,3928,196,353
21617.csv,497,4301,86,435
21660.csv,677,3950,202,434
21685.csv,630,4131,104,424
21766.csv,229,2872,92,368
21879.csv,507,4751,82,533
21908.csv,645,4000,97,421
22322.csv,427,5045,55,619
22355.csv,639,4083,99,443
22485.csv,735,3390,185,330
22566.csv,770,3813,199,421
25452.csv,161,48,642,244
23861.csv,441,4309,116,845
22648.csv,293,357,1603,610
22460.csv,407,3545,47,468
20272.csv,407,3978,60,614
20297.csv,620,3230,214,617
20303.csv,785,2085,483,472
20374.csv,716,1994,418,608
20391.csv,317,3794,77,709
20436.csv,323,4267,63,542
20441.csv,273,2933,196,578
20530.csv,361,4123,39,643
20669.csv,505,1978,690,693
20718.csv,809,2005,550,601
20807.csv,305,4069,52,519
20901.csv,695,4444,157,486
21333.csv,705,4114,156,381
21406.csv,515,3926,192,414
21471.csv,374,4032,50,424
21494.csv,721,4327,155,457
21500.csv,693,4327,181,487
21592.csv,464,4843,71,565
21659.csv,679,3778,109,350
21837.csv,723,4471,153,469
21840.csv,655,4142,161,430
22035.csv,569,4415,83,506
21946.csv,387,4604,77,566
22459.csv,394,4579,57,636
22042.csv,347,3802,93,411
21931.csv,589,3567,191,365
20211.csv,487,975,1168,707
20266.csv,771,2157,464,638
20317.csv,706,4376,117,511
20360.csv,370,4526,68,565
20422.csv,623,4349,108,523
20455.csv,562,4267,137,361
20524.csv,374,3640,122,624
20698.csv,466,4000,63,460
20813.csv,318,3706,32,596
20915.csv,660,4383,157,481
20962.csv,621,4500,149,516
21178.csv,293,3942,48,479
21412.csv,411,4484,108,496
21480.csv,480,4206,137,471
21563.csv,678,4363,121,426
21586.csv,688,4024,115,425
21854.csv,660,4739,130,390
21925.csv,615,4709,79,483
22021.csv,402,4452,26,578
22056.csv,557,4362,90,532
22150.csv,660,3817,195,382
21952.csv,668,4381,83,466
22665.csv,203,298,1581,778
22899.csv,146,198,2010,354
33333.csv,425,4619,88,531
23185.csv,489,3204,125,312
20171.csv,232,272,2064,440
20228.csv,485,4451,55,539
20359.csv,340,4183,65,602
20633.csv,356,4162,57,539
20735.csv,449,4204,105,531
21047.csv,653,3443,211,404
21603.csv,585,3623,176,338
21674.csv,662,3913,118,409
21691.csv,244,3951,40,427
21705.csv,646,4102,148,403
21888.csv,331,1206,555,862
22341.csv,269,3748,173,534
22474.csv,665,4239,130,483
22336.csv,232,3105,90,405
24629.csv,440,4111,69,488
23371.csv,329,4221,80,531
25446.csv,189,121,2017,443
20321.csv,675,4141,147,433
20356.csv,489,2883,184,644
20414.csv,542,4244,74,434
20463.csv,598,4272,188,412
20486.csv,793,2020,591,526
20512.csv,349,4333,62,621
20565.csv,529,4678,93,525
20580.csv,607,3976,91,454
20825.csv,275,4070,39,528
20852.csv,496,4555,75,592
20954.csv,453,4764,82,515
21048.csv,638,4000,181,368
21311.csv,407,4441,45,666
21383.csv,669,4346,141,425
21424.csv,681,3957,236,390
21453.csv,726,3744,276,398
21555.csv,633,3912,223,370
21815.csv,380,4732,41,749
21862.csv,583,4314,168,436
21887.csv,73,790,20,139
21913.csv,594,4489,146,459
22060.csv,579,4309,146,452
21964.csv,697,4136,156,430
22339.csv,496,4227,67,445
21981.csv,544,4238,149,408
37889.csv,332,4426,35,579
22598.csv,386,4143,107,764
20147.csv,374,4418,64,556
20318.csv,781,4091,133,420
20605.csv,221,3537,50,504
20697.csv,323,4061,63,511
20703.csv,397,4196,85,471
20774.csv,527,4183,129,447
20791.csv,367,3542,76,543
21071.csv,538,3533,215,351
21094.csv,594,4006,89,442
21100.csv,587,3861,95,456
21177.csv,284,3735,47,571
21589.csv,421,4291,45,620
21642.csv,704,3802,153,375
21733.csv,700,4065,182,382
21744.csv,549,3820,243,371
22059.csv,686,4684,142,566
22896.csv,201,229,2062,406
40935.csv,573,3545,141,348
29581.csv,643,3745,251,397
33114.csv,669,3932,238,413
20213.csv,470,1108,1206,560
20281.csv,627,1010,1122,617
20315.csv,591,4020,93,421
20362.csv,503,4450,71,485
20387.csv,596,2679,241,601
20420.csv,583,4383,93,446
20457.csv,558,3846,143,413
20526.csv,660,2849,276,529
20608.csv,345,3346,90,680
20779.csv,661,2769,287,548
20811.csv,319,4017,52,500
20917.csv,672,4637,116,406
20960.csv,668,4645,125,431
21099.csv,545,3917,97,464
21410.csv,379,4151,104,482
21467.csv,481,4317,124,448
21482.csv,506,4048,158,424
21561.csv,766,4350,152,397
21638.csv,318,4501,59,515
21749.csv,688,4015,164,421
21821.csv,596,4832,80,572
21856.csv,448,4167,109,440
22054.csv,584,4494,133,615
22023.csv,311,4512,53,600
22667.csv,159,261,1491,613
21927.csv,507,3845,149,400
21950.csv,682,4350,83,448
22682.csv,772,3714,247,342
25498.csv,195,137,1799,420
22152.csv,629,3926,127,391
33590.csv,264,449,1586,515
25655.csv,287,346,1538,564
22610.csv,359,3982,87,700
33404.csv,673,4025,214,361
20173.csv,518,1117,1273,428
20419.csv,703,4260,119,453
20568.csv,641,4723,82,494
20631.csv,260,3995,39,599
20646.csv,532,1099,1091,675
20737.csv,496,4149,83,454
20828.csv,349,4239,42,571
20959.csv,622,4464,129,461
21045.csv,416,3890,162,418
21134.csv,500,4638,81,511
21143.csv,457,4240,103,473
21429.csv,667,4485,135,516
21558.csv,639,4014,170,370
21676.csv,651,3851,135,360
21693.csv,353,3746,62,373
21707.csv,607,3785,132,350
21818.csv,235,3160,320,955
22343.csv,255,3754,170,561
21969.csv,618,4316,86,371
33120.csv,532,5214,68,642
22334.csv,427,4482,46,447
25444.csv,229,147,1989,482
20323.csv,648,3928,104,392
20354.csv,496,3121,130,684
20416.csv,581,4378,98,446
20461.csv,633,3596,154,368
20484.csv,430,916,1474,396
20567.csv,636,4932,70,542
20582.csv,573,4426,111,475
20649.csv,562,1128,1217,534
20738.csv,509,4254,126,479
20827.csv,333,4231,52,641
20850.csv,328,4557,43,579
20921.csv,645,4172,163,494
20956.csv,641,4601,95,561
21381.csv,555,3710,246,272
21426.csv,694,4453,153,448
21451.csv,605,4137,178,403
21557.csv,728,4199,183,379
21679.csv,710,4349,87,467
21708.csv,735,3786,148,320
21817.csv,373,4567,72,761
21860.csv,436,4517,94,527
21885.csv,365,4631,56,581
21911.csv,712,4511,111,485
21966.csv,591,4312,100,504
22479.csv,741,3789,171,345
21983.csv,574,3551,186,356
22062.csv,630,4248,118,465
23538.csv,497,3688,87,472
40979.csv,671,3955,104,420
20388.csv,808,2994,216,634
20458.csv,571,3809,153,389
20529.csv,308,4054,27,538
20607.csv,590,2813,154,603
20695.csv,294,3697,45,524
20701.csv,379,4101,52,535
20776.csv,22,1212,23,190
20793.csv,300,3988,54,613
20918.csv,655,4620,67,400
21073.csv,700,3754,220,366
21096.csv,592,3960,110,454
21102.csv,613,4262,103,446
21175.csv,308,4196,56,633
21468.csv,471,4053,127,446
21746.csv,477,4078,202,376
21859.csv,358,4451,70,510
25497.csv,227,144,1709,560
29583.csv,568,3618,201,376
21928.csv,490,3952,135,477
22668.csv,134,278,1629,441
22900.csv,225,300,1553,632
25472.csv,189,155,1653,648
20274.csv,507,4400,89,541
20291.csv,749,2028,640,536
20305.csv,775,2145,680,548
20372.csv,683,1932,483,595
20397.csv,417,4402,75,516
20430.csv,525,4404,95,397
20447.csv,504,3516,152,358
20536.csv,662,2032,408,646
20769.csv,436,4122,108,486
20801.csv,445,4027,218,440
20907.csv,707,4512,117,441
20970.csv,673,4710,140,498
21089.csv,574,4372,82,484
21400.csv,526,4577,56,498
21477.csv,589,3947,231,409
21492.csv,669,4239,177,411
21506.csv,691,4295,123,423
21594.csv,546,4542,94,465
21628.csv,252,4095,30,587
21759.csv,771,4307,150,427
21831.csv,632,4507,118,412
21846.csv,715,4369,164,416
22033.csv,531,4612,88,534
21940.csv,379,4957,60,730
21937.csv,300,4722,48,749
23172.csv,427,3553,76,427
22044.csv,623,4514,77,412
25488.csv,166,117,1963,397
29579.csv,676,3729,227,408
22819.csv,217,334,1307,427
40928.csv,695,3612,66,454
20409.csv,565,4010,97,469
20578.csv,554,4377,114,437
20621.csv,531,2839,118,618
20656.csv,770,1992,519,599
20727.csv,333,3446,58,626
20750.csv,287,3516,35,573
21055.csv,602,3717,246,403
21153.csv,646,4183,202,409
21298.csv,515,4458,71,540
21439.csv,646,3993,119,393
21548.csv,589,4016,131,415
21611.csv,594,3843,179,402
21666.csv,648,3875,69,454
21683.csv,702,4200,154,426
21760.csv,87,2604,55,691
21808.csv,698,3879,112,478
21979.csv,462,4180,147,444
22324.csv,481,4567,86,503
22466.csv,307,4137,46,596
22353.csv,318,3155,371,656
22517.csv,230,4335,93,686
40983.csv,660,4057,178,422
41510.csv,661,3905,122,396
22483.csv,473,1344,133,116
22820.csv,185,321,1405,405
23867.csv,767,4640,127,503
20333.csv,539,4272,149,467
20406.csv,554,4275,108,405
20471.csv,532,3944,175,347
20494.csv,228,3651,55,681
20500.csv,266,3956,46,591
20577.csv,544,4263,98,469
20592.csv,556,1127,1154,616
20659.csv,565,1313,1074,474
20728.csv,308,3743,97,617
20837.csv,560,3946,137,437
20840.csv,423,3963,77,594
21374.csv,591,4366,110,403
21391.csv,685,4103,251,422
21436.csv,499,3894,159,352
21441.csv,605,3574,195,348
21547.csv,695,4067,156,378
21669.csv,605,4024,133,343
21807.csv,649,3886,197,373
21870.csv,418,4298,155,468
21895.csv,457,5097,84,620
21901.csv,765,4606,164,446
21993.csv,629,3297,239,319
22469.csv,376,4307,55,734
21976.csv,595,3641,201,337
23868.csv,681,4057,136,415
25702.csv,341,332,1434,487
20398.csv,428,4294,69,430
20448.csv,591,4061,160,459
20617.csv,445,683,132,336
20660.csv,346,3512,66,604
20685.csv,770,2929,251,557
20711.csv,298,3989,63,620
20766.csv,482,4090,78,475
20783.csv,728,2879,266,542
20908.csv,630,4170,165,465
21063.csv,686,3943,218,399
21086.csv,279,4290,73,768
21112.csv,280,3770,40,491
21180.csv,335,3439,40,517
21478.csv,607,4046,241,429
21509.csv,694,4079,146,499
21627.csv,263,4005,20,548
21650.csv,658,3871,243,412
21756.csv,658,4144,116,407
21849.csv,712,4606,126,487
21938.csv,379,4886,55,711
23826.csv,633,4340,144,483
22884.csv,704,3896,170,326
22450.csv,453,4393,55,542
25462.csv,184,127,2174,481
24554.csv,444,3956,70,452
25487.csv,235,172,2165,467
29576.csv,444,3790,138,489
40927.csv,633,3790,89,441
22521.csv,400,4706,43,622
33644.csv,355,4523,43,634
22678.csv,186,283,1790,455
20158.csv,287,214,1842,545
20276.csv,566,4220,103,444
20293.csv,652,1978,843,609
20370.csv,310,893,1236,476
20395.csv,342,3963,52,561
20445.csv,627,4045,171,368
20534.csv,732,2145,322,631
20688.csv,362,3593,112,510
20905.csv,724,4688,121,451
21402.csv,272,4134,59,514
21475.csv,696,4174,258,361
21490.csv,700,4199,226,379
21504.csv,679,4179,110,444
21596.csv,571,4528,114,431
21833.csv,749,4411,80,386
21844.csv,726,4310,154,446
22031.csv,693,4403,84,547
22046.csv,592,4423,57,533
21935.csv,638,4348,112,465
22675.csv,166,293,1981,455
33416.csv,466,4492,96,491
20161.csv,188,307,2089,378
20499.csv,338,3931,32,711
20623.csv,491,3302,157,630
20654.csv,706,1845,649,468
20725.csv,677,2958,249,579
20752.csv,369,3518,99,489
21057.csv,174,2995,109,378
21151.csv,634,3889,164,408
21379.csv,609,3709,259,292
21664.csv,658,3841,115,407
21681.csv,535,3858,98,476
21898.csv,203,3776,97,514
22326.csv,523,4460,72,524
22351.csv,438,4291,104,521
22464.csv,477,4152,67,566
22481.csv,693,3630,189,330
22562.csv,794,3639,154,323
23865.csv,741,4390,124,459
20331.csv,718,4139,134,384
20404.csv,568,3863,68,452
20496.csv,295,4121,42,649
20502.csv,291,4140,47,631
20575.csv,590,4651,136,497
20590.csv,541,4633,107,506
20835.csv,492,4256,81,473
21058.csv,97,2743,83,349
21301.csv,683,3597,341,483
21376.csv,702,4344,177,471
21393.csv,473,3459,159,397
21434.csv,380,3860,349,524
21443.csv,715,4131,236,344
21545.csv,636,3542,250,377
21872.csv,446,3881,164,401
21897.csv,720,4990,130,629
21903.csv,658,4471,114,495
21991.csv,440,3363,190,414
22329.csv,551,4667,105,543
21974.csv,564,3634,139,353
22634.csv,335,3014,257,459
41092.csv,781,4281,127,467
25459.csv,239,196,2068,490
20279.csv,260,471,827,662
20615.csv,755,1942,316,611
20662.csv,457,3718,107,627
20687.csv,340,3454,100,557
20713.csv,320,3794,58,601
20764.csv,474,4384,89,426
20781.csv,731,3194,270,668
21061.csv,684,3847,168,447
21084.csv,262,4265,37,672
21110.csv,591,4095,125,418
21182.csv,469,4286,92,534
21599.csv,577,4107,101,422
21625.csv,271,3917,26,610
21652.csv,665,3551,260,370
21754.csv,718,3977,111,332
22886.csv,195,241,2187,397
22452.csv,437,4747,67,588
22523.csv,402,4509,79,650
25485.csv,206,130,2198,462
23824.csv,476,3754,87,461
22049.csv,491,4422,56,484
25460.csv,184,163,2032,436
33090.csv,846,2362,377,658
29574.csv,516,4296,107,394
29330.csv,189,3538,124,499
40925.csv,609,3693,74,430
