Subdirectory,Proportion_interniamge,Proportion_resnet
20147,97.73,95.4
20149,97.33,94.67
20150,97.55,94.85
20151,94.2,87.58
20152,94.85,85.11
20158,94.4,86.94
20160,95.44,86.58
20161,93.36,85.54
20164,95.28,84.2
20165,93.41,82.71
20166,93.28,82.05
20167,94.05,84.52
20168,94.78,87.22
20169,94.38,87.39
20170,95.62,83.25
20171,94.2,85.11
20172,93.83,89.35
20173,96.19,86.17
20174,93.78,85.72
20175,92.99,88.03
20176,94.2,81.94
20210,96.11,83.93
20211,96.64,83.57
20212,96.48,84.26
20213,96.4,83.8
20226,97.5,95.14
20228,97.54,95.4
20258,94.86,83.72
20259,94.73,82.74
20260,95.02,84.1
20261,96.58,83.76
20262,96.51,83.97
20263,95.08,83.32
20265,96.26,83.75
20266,96.98,88.35
20267,96.54,87.33
20268,97.62,87.63
20272,97.53,95.66
20273,96.43,93.87
20274,98.2,95.79
20275,97.89,95.31
20276,97.28,94.88
20277,97.38,94.08
20279,96.63,89.5
20280,96.41,84.57
20281,96.77,83.49
20285,95.43,82.04
20286,95.4,82.85
20287,96.18,84.11
20288,96.76,88.33
20289,95.57,83.64
20290,96.41,88.42
20291,96.86,87.5
20292,96.53,87.44
20293,95.57,85.48
20294,95.45,85.62
20295,95.96,85.45
20296,94.89,84.69
20297,95.99,90.37
20298,95.25,85.03
20299,96.36,87.34
20300,95.44,86.05
20301,94.47,81.85
20303,96.88,86.52
20304,96.4,86.73
20305,96.52,88.36
20306,96.67,87.68
20310,94.15,89.1
20311,97.22,94.95
20312,98.91,96.29
20313,98.72,95.79
20314,97.82,94.19
20315,97.93,94.47
20316,98.27,94.87
20317,96.18,92.58
20318,97.24,93.49
20319,98.3,94.29
20320,97.99,94.41
20321,97.67,94.22
20322,97.96,94.48
20323,98.08,94.11
20324,97.12,92.47
20325,97.38,93.24
20326,96.9,93.22
20327,96.89,93.25
20328,97.8,92.82
20329,98.5,94.78
20330,98.52,95.02
20331,97.82,93.75
20332,97.8,93.84
20333,97.98,93.72
20334,96.99,92.71
20336,97.13,91.75
20337,97.34,90.66
20338,97.02,90.82
20339,97.16,92.5
20340,96.92,92.13
20341,97.23,92.46
20342,95.66,89.14
20343,96.44,91.58
20354,98.11,92.07
20355,96.72,90.94
20356,96.29,89.62
20359,95.33,92.83
20360,98.03,95.15
20361,97.62,95.35
20362,97.7,95.21
20363,98.26,95.94
20364,97.65,95.04
20365,97.93,95.13
20366,98.13,95.56
20367,94.35,90.94
20368,96.36,86.15
20370,94.55,82.89
20371,96.69,82.34
20372,96.55,86.48
20373,96.12,85.62
20374,96.86,88.83
20375,97.61,89.84
20376,97.2,89.06
20377,96.86,89.14
20378,97.29,91.27
20380,95.12,89.88
20381,97.01,93.23
20382,96.74,92.5
20383,96.15,92.07
20386,94.33,86.79
20387,95.89,89.11
20388,96.23,90.9
20390,96.08,89.3
20391,98.06,94.01
20392,94.99,89.46
20394,97.09,94.5
20395,95.72,92.85
20396,97.02,94.22
20397,95.9,93.61
20398,96.73,93.8
20399,97.3,94.61
20400,97.76,95.17
20401,97.72,95.54
20402,97,94.76
20403,98.34,96.24
20404,97.47,94.3
20405,95.69,91.62
20406,98.2,94.81
20407,98.42,95.76
20408,98.03,95.05
20409,97.92,95.32
20410,96.23,92.3
20411,97.66,95.23
20412,96.53,93.74
20413,97.01,94.26
20414,98.36,95.25
20415,97.58,94.66
20416,97.68,94.78
20417,97.54,94.09
20418,98.53,95.65
20419,97.35,93.99
20420,96.09,93.35
20421,97.38,94.84
20422,96.66,93.32
20423,97.88,94.8
20424,97.33,93.75
20425,97.9,94.88
20426,97.33,94.32
20427,97.01,94.2
20428,97.32,94.5
20429,97.39,94.65
20430,97.39,93.94
20431,98.26,94.5
20433,97.87,92.55
20434,98.2,92.53
20436,98,95.12
20437,97.88,94.94
20438,94.47,89.25
20439,97.04,93.06
20440,95.84,91.1
20441,92.52,87.29
20442,95.49,90.38
20443,98.55,95.03
20444,97.79,95.35
20445,96.2,92.59
20446,96.79,92.92
20447,98.43,94.8
20448,97.56,94.68
20449,96.83,93.56
20450,97.73,94.81
20451,97.89,95.08
20452,97.79,94.94
20453,97.4,94.09
20454,97.69,94.53
20455,97.25,94.1
20456,98.03,94.91
20457,97.21,93.64
20458,98.42,95.49
20459,97.6,94.17
20460,97.18,94.18
20461,96.76,93.93
20462,97.84,94.47
20463,96.65,93.61
20464,97.29,94.41
20465,97.66,94.48
20466,97.27,93.43
20467,98.11,95.26
20468,97.88,94.63
20469,97.45,93.5
20470,97.67,94.48
20471,98.86,95.42
20472,97.69,93.76
20474,97,91.63
20475,98.13,94.82
20476,97.24,94.05
20477,98.48,93.95
20478,97.27,90.74
20479,96.34,83.02
20480,97.01,84.64
20481,95.55,83.95
20482,93.34,84.16
20483,96.43,87.41
20484,95.57,82.84
20485,94.55,83.29
20486,97.09,87.72
20487,93.71,82.42
20488,96.45,85.78
20490,91.09,89.71
20493,97.58,91.67
20494,96.95,92.74
20495,97.27,92.14
20496,97.29,93.88
20497,95.38,91.65
20498,96.86,93.55
20499,98.29,94.91
20500,97.77,94.47
20501,97.89,94.78
20502,98.01,94.77
20503,98.23,94.37
20504,98.5,92.08
20505,95.96,88.99
20507,98.12,93.62
20509,97.37,93.44
20511,96.42,93.95
20512,96.62,94.43
20513,96.87,94.58
20514,97.37,95.03
20515,97.44,95.17
20516,96,93.5
20520,98.07,95.12
20521,96.91,92.97
20522,96.85,93.16
20523,97,93.48
20524,96.17,91.36
20525,95.51,90.16
20526,94.79,89.43
20528,97.13,93.23
20529,96.76,94.35
20530,97.68,94.45
20531,97.2,93.53
20532,97.81,93.21
20533,97.64,92.38
20534,95.73,87.52
20535,97.53,89.07
20536,96.79,89.56
20537,96.71,90.99
20540,96.73,89.04
20556,96.39,93.71
20557,97.08,94.62
20558,97.16,94.05
20559,97.19,94.84
20560,97.52,95.05
20561,96.62,94.31
20562,97.53,95.38
20563,97.7,95.3
20564,97.77,95.08
20565,96.82,94.09
20566,96.79,94.28
20567,98.1,95.31
20568,97.31,94.51
20569,98.42,95.03
20570,97.28,93.76
20571,98.22,95.03
20572,97.42,94.92
20573,97.18,93.95
20574,97.65,94.17
20575,97.87,94.64
20576,97.73,94.34
20577,97.49,94.61
20578,98.12,95.14
20579,96.63,93.13
20580,97.81,95.38
20581,97.85,94.87
20582,97.75,94.66
20583,96.95,93.62
20584,98.41,94
20585,97.89,95.12
20586,97.07,94.36
20587,97.76,94.26
20588,98.04,94.56
20589,97.65,94.58
20590,97.78,94.82
20592,96.11,83.03
20593,96.68,85.8
20594,96.96,87.19
20595,97.14,88.4
20596,97.09,93.45
20597,96.77,93.93
20598,97.62,95.46
20599,97.17,94.74
20600,97.87,95.21
20601,96.69,93.93
20602,98.06,95.54
20603,97.67,93.77
20604,98.01,94.05
20605,97.35,92.81
20606,97.76,91.25
20607,97.38,92.44
20608,97.72,93.77
20610,96.03,83.04
20611,96.13,85.08
20612,95.95,86.43
20613,97.57,88.67
20614,96.7,87.4
20615,96.99,88.52
20616,96.45,87.48
20617,97.65,94.92
20619,97.19,91.46
20620,96.9,91.03
20621,97.67,92.08
20622,96.94,91.2
20623,97.07,91.07
20624,97.42,92.12
20625,97.92,93.6
20627,96.19,92.95
20628,98.31,95.86
20629,98.21,95.65
20630,97.84,95.09
20631,98.06,95.31
20632,97.91,94.88
20633,98.49,95.62
20634,97.16,94.27
20635,97.68,95.01
20636,97.58,94.84
20637,96.79,94.38
20638,97.55,94.94
20639,95.48,84.43
20640,95.51,84.32
20641,95.49,83.68
20642,94.63,83.21
20643,96.54,87.55
20645,96.19,84.2
20646,94.91,83.64
20647,95.72,84.21
20648,96.25,83.37
20649,95.04,83.53
20650,95.63,85.1
20651,95.26,84.68
20652,95.18,83.54
20653,96.9,87.48
20654,95.72,85.96
20655,96.7,87.35
20656,96.75,87.84
20657,97,87.46
20658,97.15,90.56
20659,96.87,85.94
20660,97.27,92.45
20661,98.1,95.26
20662,97.14,92.56
20663,96.17,90.01
20664,96.46,90.76
20665,98.58,92.7
20666,98.4,95.58
20667,97.31,93.64
20668,97.06,92.96
20669,97.53,88.57
20673,97.79,92.91
20674,97.57,93.71
20675,97.4,92.36
20676,96.62,87.88
20677,97.08,88.95
20678,96.54,89.19
20679,96.05,90.41
20680,96.54,91.8
20681,97.34,91.42
20682,96.16,89.86
20683,97.08,92.27
20684,96.37,90.39
20685,96.54,91.13
20686,97.6,93.78
20687,97.74,93.66
20688,97.18,93.48
20689,97.76,93.47
20690,94.32,89.23
20691,97.19,94.71
20692,96.99,93.34
20693,97.8,94.47
20694,97.41,94.08
20695,97.17,94.5
20696,97.18,94.5
20697,97.5,95.03
20698,97.38,94.79
20699,97.27,94.53
20700,96.87,94.43
20701,97.98,94.94
20702,95.39,93.19
20703,98.07,95.06
20704,98.01,96.05
20705,97.91,95.35
20706,96.72,94.6
20707,97.64,94.81
20708,97.88,95.13
20709,97.56,94.88
20710,97.29,94.66
20711,97.66,94.6
20712,78.4,74.26
20713,97.22,92.6
20714,97.43,92.11
20715,97.35,88.94
20716,97.12,87.46
20717,96.32,88.95
20718,96.13,87.77
20719,96.91,88.53
20720,97.61,91.55
20721,97.06,91.14
20722,97.63,91.92
20723,96.26,90.47
20724,96.66,91.14
20725,96.86,90.67
20726,97.82,92.78
20727,97.08,92.82
20728,96.52,91.37
20729,96.95,92.99
20730,97.26,94.45
20731,97.69,95.08
20732,97.72,94.06
20733,97.66,94.77
20734,97.28,92.5
20735,97.88,95.07
20736,97.29,94.08
20737,98.29,95.65
20738,98.19,94.78
20744,97.59,93.93
20745,97.77,94.45
20746,97.57,93.57
20747,97.21,91.87
20748,96.35,89.35
20750,97.65,94.74
20751,97.35,94.09
20752,97.43,92.82
20753,97.56,94.67
20754,98.01,96.02
20755,98.12,95.46
20756,97.39,94.38
20757,97.98,95.76
20758,96.94,94.33
20759,95.96,92.27
20760,97.57,94.61
20761,98.53,96.26
20762,97.52,94.35
20763,98.31,96.11
20764,98.25,95.41
20765,98.02,95.51
20766,97.06,94.04
20767,98.23,95.89
20768,97.26,94.61
20769,98.98,96.8
20770,96.99,94.45
20771,97.26,94.2
20772,97.13,94.45
20773,97.55,95.36
20774,98.39,95.92
20775,98.18,95.76
20776,78.56,71.51
20777,97.39,92.78
20778,96.61,90.23
20779,97.18,91.08
20780,96.67,92.18
20781,97.09,90.73
20782,96.04,88.45
20783,96.12,89.59
20784,97.23,91.2
20785,96.86,92.58
20786,96.93,92.08
20787,97.27,92.65
20788,96.65,90.52
20789,97.85,94.27
20790,96.41,91.95
20791,96.8,92.22
20792,98.69,95.73
20793,95.92,93.21
20794,96.45,93.46
20795,98.08,95.54
20796,97.82,95.24
20797,98.16,95.49
20798,98.32,95.7
20799,98.06,94.86
20800,94.61,89.13
20801,97.85,94.61
20802,97.89,94.17
20804,98.16,95.62
20805,97.43,94.76
20806,96.78,93.7
20807,97.18,94.19
20808,97.13,94.05
20809,98.15,95.72
20810,97.36,94.11
20811,95.44,92.54
20812,98.19,95.85
20813,97.11,94.64
20814,97.76,95.83
20815,97.46,94.88
20816,96.71,93.71
20817,96.01,91.82
20818,97.84,93.49
20819,96.35,90.16
20820,97.66,94.28
20821,97.1,93.39
20822,97.48,93.69
20823,96.74,93.69
20824,96.28,93.64
20825,97.68,94.33
20826,98.16,95.04
20827,98.38,95.67
20828,98.31,95.77
20829,97.03,94.29
20830,97.7,95.43
20831,98.39,96.51
20832,95.03,92.62
20833,97.12,94.39
20834,98.49,96.58
20835,97.81,95.1
20836,98.46,95.55
20837,98.66,96.18
20839,96.87,93.22
20840,97.73,93.55
20843,97.66,93.01
20844,97.25,93.68
20845,96.99,93.74
20846,98.35,95.53
20847,97.54,94.89
20848,97.9,95.35
20849,98.29,95.7
20850,97.58,95.03
20851,97.23,94.57
20852,98,95.69
20853,97.26,94.22
20854,97.11,94.72
20855,97.15,94.65
20856,97.27,94.58
20857,96.9,94.02
20858,98.38,94.83
20859,97.83,94.92
20860,97.76,94.6
20861,96.32,93.26
20862,98.12,94.74
20894,97.51,95.57
20896,97.63,95.52
20897,97.99,95.91
20898,98.16,95.84
20899,98.5,96.18
20900,98.57,95.8
20901,97.92,94.8
20902,98.1,94.78
20903,97.84,94.05
20904,97.68,94.29
20905,96.86,93.06
20906,97.73,94.68
20907,97.84,94.74
20908,98.44,94.95
20909,97.75,94.34
20910,97.6,93.84
20911,98.31,94.8
20912,98.42,94.99
20913,97.98,94.36
20914,97.57,93.81
20915,96.97,93.28
20916,97.11,93.44
20917,97.65,93.7
20918,97.83,94
20919,97.75,94.24
20920,97.73,93.62
20921,98.02,94.57
20922,96.77,93.69
20945,98.27,94.75
20947,96.68,93.73
20952,97.32,94.53
20954,98.31,96.08
20955,96.88,94.25
20956,97.16,94.33
20957,97.08,93.86
20958,97.37,94.62
20959,96.9,92.69
20960,96.95,92.78
20961,97.77,94.54
20962,98.07,94.69
20963,97.77,94.49
20964,97.75,93.99
20965,97.96,95.39
20966,98.45,95.12
20967,97.98,94.41
20968,98.48,94.73
20970,97.84,94.06
20971,98.18,94.29
21038,97.23,93.99
21039,98.67,94.76
21040,98.38,95.36
21041,97.76,94.02
21042,97.24,93.55
21043,98.13,93.96
21045,98.11,94.79
21046,97.68,93.94
21047,97.57,94.03
21048,97.09,93.55
21049,97.34,93.04
21050,97.96,94.39
21051,98.06,94.24
21052,98.29,94
21053,97.96,94.33
21054,98.47,94.76
21055,98.03,94.27
21056,97.98,94.79
21057,91.56,84.96
21058,87.54,82.26
21059,98.2,94.72
21060,97.28,93.6
21061,97.44,93.48
21062,98.4,94.77
21063,96.33,92.65
21064,96.21,91.75
21065,98.25,94.75
21066,98.49,95.61
21067,98.57,95.25
21068,98.11,94.22
21069,98.08,94.72
21070,97.76,93.98
21071,97.54,93.92
21072,98.44,94.99
21073,97.52,93.49
21074,96.7,93.06
21075,98.21,94.02
21076,98.42,95.29
21077,98.67,95.11
21078,96.22,92.72
21079,96.64,92.82
21080,98.25,94.96
21083,96.94,94.73
21084,97.69,95.14
21085,97.7,95.51
21086,97.9,93.9
21087,98.08,95.55
21088,98.35,95.95
21089,98.16,95.47
21090,98.24,94.99
21091,98.5,94.99
21092,98.27,95.2
21093,97.98,94.48
21094,98.28,95.15
21095,98.26,95.42
21096,97.01,94.16
21097,97.9,94.56
21098,98.38,95.32
21099,98.43,95.34
21100,98.54,95.07
21101,97.95,94.88
21102,97.89,94.73
21103,98.58,95.22
21104,97.17,92.78
21105,97.23,93.73
21106,97.92,94.67
21107,98.39,95.34
21108,98.22,93.83
21109,97.98,93.79
21110,97.91,94
21111,97.38,94.48
21112,97.71,95.13
21134,97.82,94.99
21143,98.86,96.44
21144,97.71,95.07
21145,98.02,95.42
21146,97.37,93.88
21147,98.5,94.96
21148,98.83,95.27
21149,97.75,93.96
21150,97.39,93.55
21151,97.53,93.68
21152,98.2,94.65
21153,97.88,93.98
21154,98.27,95.36
21155,97.43,93.87
21156,97.64,93.81
21171,96.85,94.48
21173,98.42,95.57
21174,97.46,94.18
21175,98.34,95.55
21176,98.15,95.82
21177,97.92,95.54
21178,98.18,95.93
21179,98.18,95.48
21180,97.97,95.07
21181,97.89,94.83
21182,97.22,94.83
21197,98.54,95.61
21199,97.77,95.48
21200,97.75,96
21292,98.31,96.61
21293,97.2,95.16
21294,97.14,94.69
21298,98.49,95.65
21299,97.96,94.17
21300,98.14,94.63
21301,94.44,88.76
21311,97.08,95.18
21312,96.93,94.56
21330,97.24,93.01
21331,97.69,93.09
21332,97.91,94.17
21333,97.66,94.35
21372,98.52,95.61
21373,97.62,94.2
21374,98.39,95.57
21375,97.8,94.33
21376,97.95,94.4
21377,97.54,93.67
21378,97.52,93.46
21379,98.81,94.61
21380,98.63,95.47
21381,96.41,92.44
21382,97.76,93.93
21383,95.8,92.47
21384,96.47,92.78
21385,97.48,93.18
21387,98.02,94.18
21388,97.46,93.6
21389,98.33,94.76
21391,98.18,94.06
21392,96.57,93.49
21393,95.35,91.93
21394,94.07,90.8
21395,97.35,94.22
21396,97.25,93.56
21397,98.11,95.4
21398,97.34,93.64
21399,96.11,93.74
21400,95.74,93.32
21401,96.86,94.24
21402,97.53,95.33
21403,98.03,95.54
21404,97.94,95.3
21405,98.44,94.74
21406,97.59,94.89
21407,97.56,94.89
21408,96.77,93.48
21409,98.44,95.35
21410,97.37,94.03
21411,97.37,94.79
21412,97.23,94.46
21418,97.91,94.27
21419,97.52,94.06
21420,97.96,95.04
21421,98.24,95.26
21422,98,94.91
21423,98.62,96.27
21424,98.88,95.47
21425,97.54,93.61
21426,98.61,94.58
21427,98.08,93.15
21428,98.02,94.66
21429,98.06,93.54
21431,97.64,95.38
21432,97.81,95.51
21433,97.69,95.03
21434,96.48,91.7
21435,95.37,89.7
21436,97.11,92.14
21437,97.01,93.71
21438,97.48,93.37
21439,97,93.83
21440,97.89,93.19
21441,97.78,94.34
21442,98.28,94.59
21443,96.54,92.45
21444,98.1,94.75
21445,97.51,93.75
21446,97.93,94.61
21447,98.74,96.14
21448,97.5,94.18
21449,97.36,93.99
21450,97.76,93.93
21451,97.6,93.76
21452,97.46,93.33
21453,96.8,92.46
21454,97.12,94
21455,97.22,94.67
21456,97.68,95.23
21457,96.99,94.63
21458,95.71,91.86
21459,97.39,93.15
21466,96.8,93.68
21467,98.27,95.24
21468,98.6,95.7
21469,96.93,93.99
21470,97.53,94.37
21471,95.41,91.47
21472,95.89,92.93
21473,97.85,94.8
21474,97.24,94.08
21475,98.23,94.66
21476,97.95,94.61
21477,98.54,94.82
21478,96.87,93.19
21479,98.61,95.5
21480,98.38,95.08
21481,97.82,94.48
21482,98.42,95.42
21483,98.19,94.15
21484,97.13,92.43
21485,97.23,93.07
21486,98.25,94.63
21487,97.7,93.38
21488,98.28,95.53
21489,97.81,94.79
21490,96.63,92.88
21491,97.61,94.08
21492,97.66,94.38
21493,97.74,93.75
21494,97.19,93.36
21495,97.65,94.57
21496,97.62,93.13
21497,96.5,92.42
21498,96.99,93.1
21499,97.43,94.09
21500,96.44,92.11
21501,96.73,91.82
21502,98.52,94.82
21503,97.5,93.26
21504,98.04,94.32
21505,97.63,93.87
21506,97.17,93.63
21507,96.75,93.38
21508,95.54,91.03
21509,95.49,91.98
21510,97.5,93.91
21511,96.52,93.15
21512,90.68,85.08
21533,98.37,95.16
21534,98.4,94.49
21540,98.71,96.34
21541,98.84,95.48
21542,98.69,95.16
21543,98.69,95.47
21545,97.74,94.05
21546,98.29,94.25
21547,98.49,94.78
21548,96.88,93.52
21549,96.6,92.32
21550,98,94.16
21551,98.17,93.95
21552,98.7,94.84
21553,97.85,93.75
21554,98.1,95.01
21555,98.11,94.22
21556,98.49,94.61
21557,98.36,94.64
21558,98.33,94.59
21559,97.92,94.43
21560,97.48,93.99
21561,98.17,94.13
21562,98.12,94.73
21563,98.44,94.86
21564,98.08,94.78
21565,97.88,93.63
21566,98.09,94.37
21586,97.63,93.67
21587,97.92,95.66
21588,98.2,96.36
21589,98.43,96.35
21590,98.01,95.76
21591,98.3,96.31
21592,97.22,95.17
21593,97.83,95.49
21594,97.16,94.07
21595,98.52,96.14
21596,97.57,94.27
21597,97.99,95.1
21598,97.7,94.72
21599,97.33,93.88
21600,97.6,94.72
21603,98.44,95.6
21604,98.72,94.38
21605,97.83,94
21606,98.28,94.66
21607,98.44,94.61
21608,97.51,93.97
21609,97.86,94.29
21610,98.4,94.77
21611,97.63,94.22
21616,96.48,92.9
21617,97.49,93.94
21618,95.41,92.45
21619,97.23,94.91
21620,98.45,95.65
21621,97.62,94.1
21622,97.63,94.48
21623,98.18,95.37
21624,98.35,95.95
21625,97.59,94.93
21626,98.07,96.5
21627,98.13,95.78
21628,97.5,95.37
21629,96.28,93.09
21630,98.59,96.17
21631,98.37,95.99
21632,96.94,94.17
21633,98.33,95.35
21634,97.58,95.12
21638,97.49,95.09
21639,96.91,94.62
21641,96.65,94.05
21642,96.48,92.6
21643,96.12,91.9
21644,97.29,93.77
21645,98.2,94.02
21647,95.13,90.27
21648,95.61,91.81
21649,94.76,91.34
21650,94.88,91.24
21651,96.04,91.9
21652,97.25,92.99
21653,97.07,92.36
21654,97.67,94.3
21655,98.21,94.51
21656,97.07,93.83
21657,97.59,93.99
21658,96.92,92.8
21659,97.06,93.33
21660,96.9,92.79
21661,95.45,91.38
21662,97.54,94.06
21663,97.13,92.85
21664,98.55,94.69
21665,98.07,94.15
21666,97.98,94.57
21668,97.99,93.88
21669,96.12,92.54
21670,97.27,93.34
21671,97.4,93.53
21672,98.08,94.4
21673,98.24,94.73
21674,96.33,92.32
21675,97.08,92.81
21676,97.12,93.88
21677,97.68,93.26
21678,97.95,94.44
21679,98.33,94.86
21680,96.88,93.74
21681,97.59,93.22
21682,97.77,94.01
21683,97.06,93.23
21684,97.36,93.63
21685,97.06,93.05
21686,98.37,94.97
21687,98.45,94.88
21688,97.65,94.38
21689,97.81,93.75
21690,97.14,93.2
21691,97.11,94.17
21692,97.98,95.56
21693,97.36,94.25
21694,94.44,88.55
21695,97.53,94.62
21696,96.67,93.55
21697,98.59,95.53
21698,96.53,93.63
21699,99.12,96.16
21700,93.15,89.27
21701,96.42,92.72
21702,98.69,94.75
21703,96.61,93.11
21704,98.57,95.38
21705,95.86,91.96
21706,98.01,94.06
21707,96.08,91.76
21708,98.26,95.13
21709,98.14,94.06
21710,95.11,92.58
21732,97.58,93.48
21733,96.8,93.14
21734,98.62,94.71
21735,97.16,93.33
21736,97.44,94.42
21738,97.65,93.91
21739,97.45,93.97
21740,97.34,93.37
21741,97.64,93.99
21742,98.14,94.5
21743,97.95,94.17
21744,97.73,94.06
21745,97.51,93.11
21746,96.64,91.53
21747,97.44,93.67
21748,97.92,93.34
21749,97.81,94.37
21750,98.55,94.77
21751,98.24,94.37
21752,97.7,93.68
21753,97.97,94.03
21754,98.54,94.64
21755,98.04,94.67
21756,98.35,94.43
21757,97.89,94.6
21758,98.75,94.99
21759,98.69,95.23
21760,82.94,83.6
21761,82.74,83.5
21764,98.01,94.7
21765,98.43,95.98
21766,95.15,89.13
21767,95.24,88.84
21768,99.02,96.71
21803,98.26,94.48
21806,98.43,95
21807,98.13,94.87
21808,98.17,94.75
21809,94.65,90.45
21810,96.32,91.96
21811,97.67,93.77
21812,97.86,94.74
21813,97.19,93.38
21814,98.03,95.09
21815,97.53,94.73
21816,97.89,93.8
21817,97.76,94.71
21818,98.18,90.38
21819,98.05,94.96
21820,98.25,93.79
21821,97.9,94.94
21822,98.35,96.34
21824,97.09,92.73
21830,98.72,94.64
21831,98.23,94.36
21832,97.03,93.45
21833,98,94.62
21834,97.32,93.2
21835,96.92,93.1
21836,97.38,93.22
21837,98.05,94.09
21838,96.81,93.15
21839,98.15,94.65
21840,98.28,94.22
21841,96.82,92.5
21842,96.96,93.21
21843,98.47,94.67
21844,98.6,94.66
21845,98.75,95.62
21846,98.21,93.88
21847,97.73,93.86
21848,97.85,94.68
21849,98.38,94.16
21850,97.76,93.84
21851,98.13,95.17
21852,97.28,93.69
21853,98.53,95.1
21854,98.04,94.18
21855,97.11,93.67
21856,97.27,94.45
21857,97.83,94.98
21859,97.67,94.43
21860,97.97,94.68
21861,97.33,94.22
21862,98.42,95.34
21863,98.61,94.95
21864,98.4,95.21
21865,97.46,93.85
21866,98.14,95.35
21867,98.37,95.38
21868,98.5,95.64
21869,97.98,95.14
21870,98.1,95.34
21871,96.47,93.31
21872,97.18,94.23
21873,96.56,93.06
21874,96.83,91.79
21875,92.67,86.01
21876,96.45,93.15
21877,96.57,91.93
21878,97.78,94
21879,95.86,92.99
21880,96.72,93.49
21881,95.9,93.09
21882,98.3,95.54
21883,96.3,93.52
21884,98.4,95.95
21885,97.4,95.05
21886,98.08,95.66
21887,97.94,94.78
21888,98.41,81.42
21889,97.27,94.17
21890,96.85,95.07
21891,98.11,95.81
21892,98.22,95.79
21893,98.35,95.56
21894,97.85,95.36
21895,97.64,94.32
21896,97.61,94.73
21897,97.25,93.5
21898,93.98,88.04
21899,97.77,93.57
21900,97.72,93.58
21901,97.77,93.86
21902,97.6,93.83
21903,98.13,94.49
21904,97.8,93.12
21905,97.64,94.48
21906,98.05,94.32
21907,97.96,94.88
21908,98.15,94.51
21909,97.24,93.81
21910,98.41,94.85
21911,98,94.91
21912,97.58,93.88
21913,98.13,94.61
21914,97.81,94.48
21915,97.33,94.15
21916,97.65,93.92
21917,97.74,94.4
21918,98.28,94.73
21919,98.29,94.48
21920,97.95,94.96
21921,98.57,95.2
21922,97.39,94.26
21923,98.06,95.08
21924,97.7,94.75
21925,98.16,95.32
21926,97.16,94.19
21927,97.62,93.12
21928,98.34,96.08
21929,97.37,92.91
21930,98.04,93.36
21931,98.29,94.85
21932,98.04,94.32
21933,97.97,95.21
21935,98.08,94.4
21936,98,94.68
21937,97.65,95.06
21938,97.84,95.38
21939,98.33,96.46
21940,97.82,95.53
21941,98.25,92.01
21946,96.01,94.07
21947,96.36,92.32
21948,95.03,91.27
21949,98.29,94.62
21950,97.8,94.41
21951,97.94,95.07
21952,98.11,94.92
21953,96.95,93.83
21954,97.97,95.02
21955,95.54,92
21956,96.52,93.11
21957,98.16,95.5
21958,97.75,94.68
21959,94.4,91.39
21960,96.95,94.17
21961,96.88,92.87
21962,95.47,92.33
21963,95.44,91.62
21964,97.17,93.6
21965,97.63,94.45
21966,97.22,93.33
21967,96.04,92.6
21968,97.79,94.25
21969,97.42,94.48
21970,97.5,94.11
21971,96.15,92.87
21972,97.88,95.65
21973,98.09,95.21
21974,94.87,91.54
21975,97.73,94.65
21976,98.79,95.4
21977,98.24,95.62
21978,96.39,93.3
21979,98.31,94.55
21980,97.43,95.44
21981,97.59,95.24
21982,97.53,94.03
21983,97.74,94.53
21984,95.94,92.5
21985,96.09,92.82
21986,95.23,92.01
21987,95.85,92.28
21989,95.46,91.31
21990,92.52,87.95
21991,97.19,92.14
21992,95.1,91.47
21993,97.57,93.02
21995,97.91,94.47
21996,93.81,88.12
21997,93.76,87.45
21998,98.03,93.81
21999,96.8,92.71
22000,97.85,93.84
22021,97.95,96.08
22022,97.36,94.94
22023,98.43,95.48
22024,98.02,96.25
22025,97.99,94.92
22026,98,94.53
22027,98.36,95.97
22028,96.61,90.46
22029,98.61,95.36
22030,97.92,94.47
22031,98.06,95.42
22032,97.77,94.77
22033,98.22,95.31
22034,97.98,95.4
22035,98.47,95.89
22036,98.09,95.12
22037,98.45,95.25
22038,98.44,95.43
22039,98.3,95.71
22040,98.08,95.2
22041,98.59,95.24
22042,97.22,93.16
22043,98.36,95.44
22044,98.47,95.68
22045,98.41,95.69
22046,98.05,94.98
22047,98.51,96.23
22048,98.49,95.83
22049,98.35,96.07
22050,98.31,95.11
22051,98.14,95.07
22052,98.02,95.79
22053,97.71,95.35
22054,98.53,96.07
22055,98.17,95.89
22056,97.66,95.35
22057,97.9,94.45
22058,98.76,95.37
22059,97.64,93.94
22060,98.05,94.45
22061,98.11,94.79
22062,98.32,94.84
22063,98.39,95.05
22064,98.49,95.46
22065,98.49,95.38
22066,98.13,94.72
22068,98.25,94.51
22114,98.09,92.58
22115,97.89,93.71
22116,97.64,91.13
22117,98.57,95.17
22119,97.16,90.94
22145,98.03,94.39
22148,98.47,96.51
22149,98.3,94.23
22150,97.78,94.43
22151,97.28,93.14
22152,98.25,94.28
22153,98.4,93.93
22154,97,93.07
22155,97.4,91.07
22178,96.08,90.91
22322,97.58,95.23
22323,98.42,96.5
22324,98.02,94.8
22325,98.36,95.98
22326,98.1,95.11
22327,98.11,95.25
22328,97.85,94.62
22329,98.34,95.46
22330,98.1,96.12
22331,98.28,96.1
22332,98.56,96.56
22333,98.36,95.97
22334,98.34,96.61
22335,96.84,94.68
22336,93.9,88.95
22337,95.63,89.59
22338,97.86,94.36
22339,97.78,95.03
22340,97.87,95.5
22341,95.19,90.17
22342,94.5,89.45
22343,95.82,91.33
22344,96.78,92.67
22345,97.15,93.54
22346,96.39,92.35
22347,95.76,91.46
22348,96.52,92.79
22349,97.73,95.73
22350,97.6,94.07
22351,98.14,95.69
22353,94.46,88.76
22354,97.89,94.11
22355,97.84,94.2
22356,97.33,92.86
22444,98.06,92.05
22445,94.54,91.55
22449,96.24,93.25
22450,95.48,92.89
22451,95.95,93.09
22452,97.44,94.59
22453,95.75,93.15
22454,97.58,94.7
22455,97.7,94.83
22456,97.61,94.45
22457,94.28,90.99
22458,97.53,95.23
22459,95.47,92.41
22460,96.57,94.73
22461,95.46,91.05
22462,95.52,92.76
22463,96.13,93.17
22464,95.16,92.42
22465,97.26,94.03
22466,96,93.75
22467,95.44,93.43
22468,97.39,91.2
22469,97.42,94.14
22470,97.47,94.99
22471,96.15,93.16
22472,95.32,91.49
22473,96.33,92.39
22474,95.53,92.19
22475,97.59,95.07
22477,96.17,91.17
22478,98.07,91.58
22479,97.01,92.84
22480,97.26,92.38
22481,95.89,92.22
22482,87.07,81.59
22483,95.61,91.4
22484,97.19,92.87
22485,97.52,93.14
22486,97.44,93.73
22487,97.37,92.99
22488,95.76,91.25
22517,94.12,89.35
22520,88.66,85.52
22521,93.89,91.39
22522,95.82,93.01
22523,91.54,87.98
22524,92.89,90.05
22525,94.58,91.85
22526,97.33,90.98
22529,92.45,89.87
22530,94.6,91.98
22562,96.13,91.9
22563,96.87,92.65
22564,95.45,91.52
22565,96.95,91.84
22566,96.67,92.43
22598,97.28,93.35
22609,97.73,95.7
22610,98.17,95.34
22615,98.69,85.84
22634,93.38,85.92
22635,98.78,91.95
22648,94.76,81.73
22649,95.64,84.06
22654,95.05,84.72
22659,95.42,84.64
22660,95.55,84.11
22661,95.97,85.38
22662,96.28,85.71
22665,95.83,84.74
22666,95.88,84.08
22667,95.84,86.71
22668,95.5,85.09
22669,94.9,84.92
22672,94.99,85.63
22673,96.68,86.95
22674,95.8,84.91
22675,95.3,86.04
22678,95.45,86.14
22679,95.27,85.27
22682,97.91,94.55
22683,97.69,93.93
22684,97.19,93.07
22685,98.56,94.22
22818,95.21,84.9
22819,95.76,86.49
22820,96.02,84.91
22821,95.78,85.65
22839,92.93,83.08
22874,98.34,94.12
22875,96.99,92.69
22876,98.23,94.39
22877,97.63,93.68
22878,97.55,93.57
22880,97.3,94.34
22881,98.75,94.75
22882,94.29,85.13
22883,94.16,85.19
22884,98.34,94.27
22885,93.78,85.38
22886,92.61,85.63
22895,94.25,85.23
22896,94.88,88.2
22899,94.02,86.7
22900,93.99,83.75
22901,92.65,83.68
22971,94.69,90.53
23099,97.32,92.29
23100,97.62,92.59
23101,97.59,93.93
23104,98.5,93.57
23171,98.39,94.22
23172,97.51,93.49
23173,98.18,94
23175,97.85,93.29
23177,97.32,92.22
23178,98.08,91.98
23179,98.52,94.39
23180,97.53,93.14
23181,98.04,93.25
23182,98.51,93.52
23183,98.17,94.44
23184,97.44,93
23185,97.67,92.82
23371,98.24,95.14
23538,96.94,92.08
23821,97.61,94.78
23822,98.1,95.71
23824,97.36,95.32
23825,97.93,94.88
23826,98.23,94.84
23827,98.55,94.86
23828,98.78,95.74
23861,97.12,92.38
23862,90.96,85.9
23863,95.93,93.7
23864,89.47,84.49
23865,97.66,93.77
23866,95.39,90.88
23867,97.01,92.16
23868,97.73,93.9
23869,96.19,92.06
23870,97.05,93.63
23871,95.87,91.93
23921,97.66,93.73
23925,95.78,91.91
24028,98.03,94.06
24554,98.31,95.19
24628,98.61,95.83
24629,99.17,95.2
24630,98.42,95.31
24631,97.26,92.18
24632,98.86,95.15
24633,98.46,93.82
24691,98.19,94.39
25440,93.96,87.88
25441,93.82,91.47
25442,94.42,85.61
25443,93.76,85.83
25444,94.26,87.16
25445,94.29,86.72
25446,94.81,89.94
25451,93.01,88.27
25452,95.93,92.6
25453,94.84,89.96
25458,94.28,86.41
25459,94.88,86.73
25460,95.24,88.13
25461,92.77,88.2
25462,94.27,88.84
25465,94.16,85.75
25466,93.05,86.98
25467,93.62,87.51
25468,93.92,90.82
25471,93.45,89.35
25472,94.26,86.16
25473,93.85,89.46
25474,93.28,89.86
25477,94.07,86.93
25478,93.72,87.15
25479,92.89,85.96
25480,93.69,90.23
25485,93.52,88.22
25486,79.19,81.69
25487,93.48,86.41
25488,94.73,89.72
25491,93.38,87.06
25493,93.65,87.6
25494,94.4,89.15
25497,93.93,85.06
25498,94.17,86.92
25499,93.6,86.55
25500,93.1,87.84
25655,94.31,84.37
25702,94.37,85.43
25703,93.62,84.69
25704,93.08,87.14
25707,94.23,84.13
25870,94.78,86.12
25871,94.67,86.42
25872,95.1,89.68
29328,97.89,95.98
29329,97.7,95.54
29330,92.41,88
29339,97.97,93.72
29340,97.08,93.05
29341,97.5,94.05
29344,97.87,94.61
29354,98.59,95.41
29379,98.11,95.29
29380,98.61,95.56
29381,97.72,94.44
29382,96.89,93.12
29383,97.63,94.09
29427,97.93,95.75
29442,98.56,95.38
29571,98.05,96.21
29572,98.29,96.16
29573,97.84,95.63
29574,97.32,93.9
29575,98.71,95.66
29576,98.14,95.26
29577,98.03,94.54
29578,97.63,94.1
29579,97.13,94.7
29580,97.49,92.86
29581,97.92,94.47
29582,98.79,95.49
29583,98.21,95.64
29584,98.4,95.52
33088,95.12,88.19
33090,96.56,87.61
33098,97.98,94.19
33102,96.51,92.48
33105,96.22,92.25
33114,97.58,94.44
33115,97.32,95.03
33117,92.47,82.44
33120,96.19,93.94
33121,95.47,91.39
33326,97.64,94.24
33330,97.9,94.38
33333,96.69,93.79
33334,98.24,95.87
33363,99.28,96.33
33404,97.76,94.57
33405,96.57,94.09
33416,96.83,94.27
33423,96.35,92.44
33588,95.74,82.91
33590,95.81,84.14
33591,95.6,85.54
33644,98.06,95.21
37723,97.47,95.42
37725,98.24,95.65
37889,97.06,95.07
37897,97.89,96.23
37898,98.19,94.83
40925,97.74,94.52
40926,97.44,93.48
40927,98.11,94.58
40928,98.41,94.68
40929,98.49,95.51
40932,97.87,95.36
40933,98.4,95.16
40934,96.42,92.7
40935,95.66,91.76
40979,98.13,94.03
40980,97.81,93.94
40982,98.17,94.67
40983,98.19,95.01
40997,97.56,94.97
41092,97.28,92.49
41135,98.7,95.44
41212,96.71,92.96
41287,95.58,91.14
41469,96.85,91.74
41507,98.25,94.27
41508,98.68,95.11
41509,98.31,94.16
41510,97.28,93.7
41511,97,92.78
41554,98.46,94.24
