File Name,Subdirectory,Proportion
crossmatch-result-21312.txt,"21312,",94.56
crossmatch-result-20564.txt,"20564,",95.08
crossmatch-result-20775.txt,"20775,",95.76
crossmatch-result-20919.txt,"20919,",94.24
crossmatch-result-21639.txt,"21639,",94.62
crossmatch-result-20920.txt,"20920,",93.62
crossmatch-result-25445.txt,"25445,",86.72
crossmatch-result-21098.txt,"21098,",95.32
crossmatch-result-20810.txt,"20810,",94.11
crossmatch-result-21929.txt,"21929,",92.91
crossmatch-result-21428.txt,"21428,",94.66
crossmatch-result-20170.txt,"20170,",83.25
crossmatch-result-21072.txt,"21072,",94.99
crossmatch-result-20525.txt,"20525,",90.16
crossmatch-result-20647.txt,"20647,",84.21
crossmatch-result-22666.txt,"22666,",84.08
crossmatch-result-21070.txt,"21070,",93.98
crossmatch-result-21924.txt,"21924,",94.75
crossmatch-result-21855.txt,"21855,",93.67
crossmatch-result-20736.txt,"20736,",94.08
crossmatch-result-21822.txt,"21822,",96.34
crossmatch-result-20454.txt,"20454,",94.53
crossmatch-result-21704.txt,"21704,",95.38
crossmatch-result-20916.txt,"20916,",93.44
crossmatch-result-20958.txt,"20958,",94.62
crossmatch-result-20963.txt,"20963,",94.49
crossmatch-result-21951.txt,"21951,",95.07
crossmatch-result-21814.txt,"21814,",95.09
crossmatch-result-20632.txt,"20632,",94.88
crossmatch-result-20699.txt,"20699,",94.53
crossmatch-result-21103.txt,"21103,",95.22
crossmatch-result-20702.txt,"20702,",93.19
crossmatch-result-29582.txt,"29582,",95.49
crossmatch-result-21452.txt,"21452,",93.33
crossmatch-result-20423.txt,"20423,",94.8
crossmatch-result-20645.txt,"20645,",84.2
crossmatch-result-21174.txt,"21174,",94.18
crossmatch-result-22530.txt,"22530,",91.98
crossmatch-result-21747.txt,"21747,",93.67
crossmatch-result-21179.txt,"21179,",95.48
crossmatch-result-20581.txt,"20581,",94.87
crossmatch-result-20566.txt,"20566,",94.28
crossmatch-result-21675.txt,"21675,",92.81
crossmatch-result-21677.txt,"21677,",93.26
crossmatch-result-20606.txt,"20606,",91.25
crossmatch-result-22063.txt,"22063,",95.05
crossmatch-result-22478.txt,"22478,",91.58
crossmatch-result-20673.txt,"20673,",92.91
crossmatch-result-20361.txt,"20361,",95.35
crossmatch-result-20319.txt,"20319,",94.29
crossmatch-result-20511.txt,"20511,",93.95
crossmatch-result-20280.txt,"20280,",84.57
crossmatch-result-20826.txt,"20826,",95.04
crossmatch-result-21380.txt,"21380,",95.47
crossmatch-result-22895.txt,"22895,",85.23
crossmatch-result-20829.txt,"20829,",94.29
crossmatch-result-20415.txt,"20415,",94.66
crossmatch-result-21450.txt,"21450,",93.93
crossmatch-result-21097.txt,"21097,",94.56
crossmatch-result-25499.txt,"25499,",86.55
crossmatch-result-20459.txt,"20459,",94.17
crossmatch-result-21643.txt,"21643,",91.9
crossmatch-result-21049.txt,"21049,",93.04
crossmatch-result-21820.txt,"21820,",93.79
crossmatch-result-21912.txt,"21912,",93.88
crossmatch-result-22335.txt,"22335,",94.68
crossmatch-result-20778.txt,"20778,",90.23
crossmatch-result-21560.txt,"21560,",93.99
crossmatch-result-25473.txt,"25473,",89.46
crossmatch-result-21425.txt,"21425,",93.61
crossmatch-result-20267.txt,"20267,",87.33
crossmatch-result-21427.txt,"21427,",93.15
crossmatch-result-33330.txt,"33330,",94.38
crossmatch-result-22055.txt,"22055,",95.89
crossmatch-result-22058.txt,"22058,",95.37
crossmatch-result-22057.txt,"22057,",94.45
crossmatch-result-22475.txt,"22475,",95.07
crossmatch-result-21861.txt,"21861,",94.22
crossmatch-result-24628.txt,"24628,",95.83
crossmatch-result-20488.txt,"20488,",85.78
crossmatch-result-29354.txt,"29354,",95.41
crossmatch-result-20322.txt,"20322,",94.48
crossmatch-result-20824.txt,"20824,",93.64
crossmatch-result-21634.txt,"21634,",95.12
crossmatch-result-25494.txt,"25494,",89.15
crossmatch-result-20460.txt,"20460,",94.18
crossmatch-result-20149.txt,"20149,",94.67
crossmatch-result-20418.txt,"20418,",95.65
crossmatch-result-29580.txt,"29580,",92.86
crossmatch-result-20694.txt,"20694,",94.08
crossmatch-result-20700.txt,"20700,",94.43
crossmatch-result-21889.txt,"21889,",94.17
crossmatch-result-33405.txt,"33405,",94.09
crossmatch-result-20386.txt,"20386,",86.79
crossmatch-result-20777.txt,"20777,",92.78
crossmatch-result-21745.txt,"21745,",93.11
crossmatch-result-21910.txt,"21910,",94.85
crossmatch-result-21556.txt,"21556,",94.61
crossmatch-result-21554.txt,"21554,",95.01
crossmatch-result-21965.txt,"21965,",94.45
crossmatch-result-21967.txt,"21967,",92.6
crossmatch-result-21559.txt,"21559,",94.43
crossmatch-result-21968.txt,"21968,",94.25
crossmatch-result-20355.txt,"20355,",90.94
crossmatch-result-21982.txt,"21982,",94.03
crossmatch-result-22153.txt,"22153,",93.93
crossmatch-result-21884.txt,"21884,",95.95
crossmatch-result-21095.txt,"21095,",95.42
crossmatch-result-21101.txt,"21101,",94.88
crossmatch-result-20421.txt,"20421,",94.84
crossmatch-result-21588.txt,"21588,",96.36
crossmatch-result-21819.txt,"21819,",94.96
crossmatch-result-21046.txt,"21046,",93.94
crossmatch-result-20922.txt,"20922,",93.69
crossmatch-result-21732.txt,"21732,",93.48
crossmatch-result-21600.txt,"21600,",94.72
crossmatch-result-21469.txt,"21469,",93.99
crossmatch-result-21481.txt,"21481,",94.48
crossmatch-result-22338.txt,"22338,",94.36
crossmatch-result-20851.txt,"20851,",94.57
crossmatch-result-21562.txt,"21562,",94.73
crossmatch-result-20212.txt,"20212,",84.26
crossmatch-result-20268.txt,"20268,",87.63
crossmatch-result-20604.txt,"20604,",94.05
crossmatch-result-40934.txt,"40934,",92.7
crossmatch-result-22477.txt,"22477,",91.17
crossmatch-result-22151.txt,"22151,",93.14
crossmatch-result-20485.txt,"20485,",83.29
crossmatch-result-20456.txt,"20456,",94.91
crossmatch-result-33115.txt,"33115,",95.03
crossmatch-result-33117.txt,"33117,",82.44
crossmatch-result-20914.txt,"20914,",93.81
crossmatch-result-20630.txt,"20630,",95.09
crossmatch-result-20696.txt,"20696,",94.5
crossmatch-result-21466.txt,"21466,",93.68
crossmatch-result-21176.txt,"21176,",95.82
crossmatch-result-20528.txt,"20528,",93.23
crossmatch-result-21678.txt,"21678,",94.44
crossmatch-result-20265.txt,"20265,",83.75
crossmatch-result-21980.txt,"21980,",95.44
crossmatch-result-21857.txt,"21857,",94.98
crossmatch-result-22061.txt,"22061,",94.79
crossmatch-result-21863.txt,"21863,",94.95
crossmatch-result-23184.txt,"23184,",93.0
crossmatch-result-21690.txt,"21690,",93.2
crossmatch-result-20226.txt,"20226,",95.14
crossmatch-result-20513.txt,"20513,",94.58
crossmatch-result-20417.txt,"20417,",94.09
crossmatch-result-22901.txt,"22901,",83.68
crossmatch-result-33121.txt,"33121,",91.39
crossmatch-result-21816.txt,"21816,",93.8
crossmatch-result-33591.txt,"33591,",85.54
crossmatch-result-22022.txt,"22022,",94.94
crossmatch-result-20583.txt,"20583,",93.62
crossmatch-result-21411.txt,"21411,",94.79
crossmatch-result-22337.txt,"22337,",89.59
crossmatch-result-22669.txt,"22669,",84.92
crossmatch-result-22340.txt,"22340,",95.5
crossmatch-result-20790.txt,"20790,",91.95
crossmatch-result-20792.txt,"20792,",95.73
crossmatch-result-20853.txt,"20853,",94.22
crossmatch-result-21748.txt,"21748,",93.34
crossmatch-result-22342.txt,"22342,",89.45
crossmatch-result-20734.txt,"20734,",92.5
crossmatch-result-22683.txt,"22683,",93.93
crossmatch-result-21926.txt,"21926,",94.19
crossmatch-result-20172.txt,"20172,",89.35
crossmatch-result-20812.txt,"20812,",95.85
crossmatch-result-20314.txt,"20314,",94.19
crossmatch-result-20316.txt,"20316,",94.87
crossmatch-result-21692.txt,"21692,",95.56
crossmatch-result-20320.txt,"20320,",94.41
crossmatch-result-21706.txt,"21706,",94.06
crossmatch-result-20961.txt,"20961,",94.54
crossmatch-result-21587.txt,"21587,",95.66
crossmatch-result-21641.txt,"21641,",94.05
crossmatch-result-20569.txt,"20569,",95.03
crossmatch-result-20462.txt,"20462,",94.47
crossmatch-result-25500.txt,"25500,",87.84
crossmatch-result-21953.txt,"21953,",93.83
crossmatch-result-20648.txt,"20648,",83.37
crossmatch-result-21483.txt,"21483,",94.15
crossmatch-result-25471.txt,"25471,",89.35
crossmatch-result-20210.txt,"20210,",83.93
crossmatch-result-20487.txt,"20487,",82.42
crossmatch-result-20363.txt,"20363,",95.94
crossmatch-result-21382.txt,"21382,",93.93
crossmatch-result-21886.txt,"21886,",95.66
crossmatch-result-20957.txt,"20957,",93.86
crossmatch-result-20955.txt,"20955,",94.25
crossmatch-result-21709.txt,"21709,",94.06
crossmatch-result-21533.txt,"21533,",95.16
crossmatch-result-21598.txt,"21598,",94.72
crossmatch-result-20535.txt,"20535,",89.07
crossmatch-result-22467.txt,"22467,",93.43
crossmatch-result-22032.txt,"22032,",94.77
crossmatch-result-21832.txt,"21832,",93.45
crossmatch-result-21665.txt,"21665,",94.15
crossmatch-result-22030.txt,"22030,",94.47
crossmatch-result-22325.txt,"22325,",95.98
crossmatch-result-22327.txt,"22327,",95.25
crossmatch-result-20712.txt,"20712,",74.26
crossmatch-result-20843.txt,"20843,",93.01
crossmatch-result-20839.txt,"20839,",93.22
crossmatch-result-22328.txt,"22328,",94.62
crossmatch-result-22468.txt,"22468,",91.2
crossmatch-result-20724.txt,"20724,",91.14
crossmatch-result-25703.txt,"25703,",84.69
crossmatch-result-20753.txt,"20753,",94.67
crossmatch-result-20620.txt,"20620,",91.03
crossmatch-result-21378.txt,"21378,",93.46
crossmatch-result-21299.txt,"21299,",94.17
crossmatch-result-21437.txt,"21437,",93.71
crossmatch-result-21902.txt,"21902,",93.83
crossmatch-result-21440.txt,"21440,",93.19
crossmatch-result-20431.txt,"20431,",94.5
crossmatch-result-20947.txt,"20947,",93.73
crossmatch-result-21668.txt,"21668,",93.88
crossmatch-result-22047.txt,"22047,",96.23
crossmatch-result-21294.txt,"21294,",94.69
crossmatch-result-25461.txt,"25461,",88.2
crossmatch-result-20657.txt,"20657,",87.46
crossmatch-result-23171.txt,"23171,",94.22
crossmatch-result-41212.txt,"41212,",92.96
crossmatch-result-40980.txt,"40980,",93.94
crossmatch-result-41511.txt,"41511,",92.78
crossmatch-result-21682.txt,"21682,",94.01
crossmatch-result-20537.txt,"20537,",90.99
crossmatch-result-20396.txt,"20396,",94.22
crossmatch-result-22563.txt,"22563,",92.65
crossmatch-result-20405.txt,"20405,",91.62
crossmatch-result-22818.txt,"22818,",84.9
crossmatch-result-21442.txt,"21442,",94.59
crossmatch-result-20751.txt,"20751,",94.09
crossmatch-result-21941.txt,"21941,",92.01
crossmatch-result-21809.txt,"21809,",90.45
crossmatch-result-20330.txt,"20330,",95.02
crossmatch-result-20619.txt,"20619,",91.46
crossmatch-result-20689.txt,"20689,",93.47
crossmatch-result-20292.txt,"20292,",87.44
crossmatch-result-20472.txt,"20472,",93.76
crossmatch-result-21894.txt,"21894,",95.36
crossmatch-result-21152.txt,"21152,",94.65
crossmatch-result-20290.txt,"20290,",88.42
crossmatch-result-21899.txt,"21899,",93.57
crossmatch-result-25458.txt,"25458,",86.41
crossmatch-result-21401.txt,"21401,",94.24
crossmatch-result-22522.txt,"22522,",93.01
crossmatch-result-20782.txt,"20782,",88.45
crossmatch-result-20655.txt,"20655,",87.35
crossmatch-result-20593.txt,"20593,",85.8
crossmatch-result-21491.txt,"21491,",94.08
crossmatch-result-21975.txt,"21975,",94.65
crossmatch-result-21680.txt,"21680,",93.74
crossmatch-result-40926.txt,"40926,",93.48
crossmatch-result-33423.txt,"33423,",92.44
crossmatch-result-21978.txt,"21978,",93.3
crossmatch-result-21977.txt,"21977,",95.62
crossmatch-result-20306.txt,"20306,",87.68
crossmatch-result-24691.txt,"24691,",94.39
crossmatch-result-22178.txt,"22178,",90.91
crossmatch-result-21508.txt,"21508,",91.03
crossmatch-result-21435.txt,"21435,",89.7
crossmatch-result-33105.txt,"33105,",92.25
crossmatch-result-20275.txt,"20275,",95.31
crossmatch-result-21806.txt,"21806,",95.0
crossmatch-result-20686.txt,"20686,",93.78
crossmatch-result-20836.txt,"20836,",95.55
crossmatch-result-20497.txt,"20497,",91.65
crossmatch-result-20498.txt,"20498,",93.55
crossmatch-result-21595.txt,"21595,",96.14
crossmatch-result-20470.txt,"20470,",94.48
crossmatch-result-21830.txt,"21830,",94.64
crossmatch-result-21900.txt,"21900,",93.58
crossmatch-result-20574.txt,"20574,",94.17
crossmatch-result-20780.txt,"20780,",92.18
crossmatch-result-21181.txt,"21181,",94.83
crossmatch-result-21479.txt,"21479,",95.5
crossmatch-result-21755.txt,"21755,",94.67
crossmatch-result-20433.txt,"20433,",92.55
crossmatch-result-23104.txt,"23104,",93.57
crossmatch-result-23866.txt,"23866,",90.88
crossmatch-result-20663.txt,"20663,",90.01
crossmatch-result-20945.txt,"20945,",94.75
crossmatch-result-23828.txt,"23828,",95.74
crossmatch-result-20540.txt,"20540,",89.04
crossmatch-result-21871.txt,"21871,",93.31
crossmatch-result-21629.txt,"21629,",93.09
crossmatch-result-20449.txt,"20449,",93.56
crossmatch-result-20408.txt,"20408,",95.05
crossmatch-result-21088.txt,"21088,",95.95
crossmatch-result-20616.txt,"20616,",87.48
crossmatch-result-20906.txt,"20906,",94.68
crossmatch-result-29577.txt,"29577,",94.54
crossmatch-result-29578.txt,"29578,",94.1
crossmatch-result-20768.txt,"20768,",94.61
crossmatch-result-21597.txt,"21597,",95.1
crossmatch-result-21059.txt,"21059,",94.72
crossmatch-result-21060.txt,"21060,",93.6
crossmatch-result-21476.txt,"21476,",94.61
crossmatch-result-22045.txt,"22045,",95.69
crossmatch-result-20726.txt,"20726,",92.78
crossmatch-result-20658.txt,"20658,",90.56
crossmatch-result-22674.txt,"22674,",84.91
crossmatch-result-21493.txt,"21493,",93.75
crossmatch-result-20802.txt,"20802,",94.17
crossmatch-result-21761.txt,"21761,",83.5
crossmatch-result-23173.txt,"23173,",94.0
crossmatch-result-40929.txt,"40929,",95.51
crossmatch-result-21438.txt,"21438,",93.37
crossmatch-result-25486.txt,"25486,",81.69
crossmatch-result-21936.txt,"21936,",94.68
crossmatch-result-20277.txt,"20277,",94.08
crossmatch-result-21087.txt,"21087,",95.55
crossmatch-result-37898.txt,"37898,",94.83
crossmatch-result-21377.txt,"21377,",93.67
crossmatch-result-21150.txt,"21150,",93.55
crossmatch-result-20765.txt,"20765,",95.51
crossmatch-result-20373.txt,"20373,",85.62
crossmatch-result-20501.txt,"20501,",94.78
crossmatch-result-21392.txt,"21392,",93.49
crossmatch-result-20160.txt,"20160,",86.58
crossmatch-result-20710.txt,"20710,",94.66
crossmatch-result-21056.txt,"21056,",94.79
crossmatch-result-20576.txt,"20576,",94.34
crossmatch-result-21651.txt,"21651,",91.9
crossmatch-result-22453.txt,"22453,",93.15
crossmatch-result-20579.txt,"20579,",93.13
crossmatch-result-21403.txt,"21403,",95.54
crossmatch-result-21062.txt,"21062,",94.77
crossmatch-result-21610.txt,"21610,",94.77
crossmatch-result-21847.txt,"21847,",93.86
crossmatch-result-20729.txt,"20729,",92.99
crossmatch-result-22679.txt,"22679,",85.27
crossmatch-result-21758.txt,"21758,",94.99
crossmatch-result-22350.txt,"22350,",94.07
crossmatch-result-23921.txt,"23921,",93.73
crossmatch-result-23869.txt,"23869,",92.06
crossmatch-result-23827.txt,"23827,",94.86
crossmatch-result-20394.txt,"20394,",94.5
crossmatch-result-21300.txt,"21300,",94.63
crossmatch-result-21626.txt,"21626,",96.5
crossmatch-result-37723.txt,"37723,",95.42
crossmatch-result-37897.txt,"37897,",96.23
crossmatch-result-20614.txt,"20614,",87.4
crossmatch-result-20904.txt,"20904,",94.29
crossmatch-result-20371.txt,"20371,",82.34
crossmatch-result-20622.txt,"20622,",91.2
crossmatch-result-20332.txt,"20332,",93.84
crossmatch-result-20767.txt,"20767,",95.89
crossmatch-result-21896.txt,"21896,",94.73
crossmatch-result-21111.txt,"21111,",94.48
crossmatch-result-21653.txt,"21653,",92.36
crossmatch-result-21474.txt,"21474,",94.08
crossmatch-result-22520.txt,"22520,",85.52
crossmatch-result-21549.txt,"21549,",92.32
crossmatch-result-21757.txt,"21757,",94.6
crossmatch-result-20800.txt,"20800,",89.13
crossmatch-result-20661.txt,"20661,",95.26
crossmatch-result-23864.txt,"23864,",84.49
crossmatch-result-40982.txt,"40982,",94.67
crossmatch-result-23825.txt,"23825,",94.88
crossmatch-result-21505.txt,"21505,",93.87
crossmatch-result-21990.txt,"21990,",87.95
crossmatch-result-21507.txt,"21507,",93.38
crossmatch-result-21992.txt,"21992,",91.47
crossmatch-result-21873.txt,"21873,",93.06
crossmatch-result-22885.txt,"22885,",85.38
crossmatch-result-22635.txt,"22635,",91.95
crossmatch-result-20407.txt,"20407,",95.76
crossmatch-result-21085.txt,"21085,",95.51
crossmatch-result-20684.txt,"20684,",90.39
crossmatch-result-20834.txt,"20834,",96.58
crossmatch-result-20909.txt,"20909,",94.34
crossmatch-result-20503.txt,"20503,",94.37
crossmatch-result-20495.txt,"20495,",92.14
crossmatch-result-21054.txt,"21054,",94.76
crossmatch-result-20971.txt,"20971,",94.29
crossmatch-result-22451.txt,"22451,",93.09
crossmatch-result-21546.txt,"21546,",94.25
crossmatch-result-21845.txt,"21845,",95.62
crossmatch-result-21848.txt,"21848,",94.68
crossmatch-result-22048.txt,"22048,",95.83
crossmatch-result-22465.txt,"22465,",94.03
crossmatch-result-20304.txt,"20304,",86.73
crossmatch-result-33363.txt,"33363,",96.33
crossmatch-result-29344.txt,"29344,",94.61
crossmatch-result-22480.txt,"22480,",92.38
crossmatch-result-22482.txt,"22482,",81.59
crossmatch-result-20399.txt,"20399,",94.61
crossmatch-result-21624.txt,"21624,",95.95
crossmatch-result-20444.txt,"20444,",95.35
crossmatch-result-20446.txt,"20446,",92.92
crossmatch-result-21375.txt,"21375,",94.33
crossmatch-result-22821.txt,"22821,",85.65
crossmatch-result-21939.txt,"21939,",96.46
crossmatch-result-29575.txt,"29575,",95.66
crossmatch-result-21456.txt,"21456,",95.23
crossmatch-result-29584.txt,"29584,",95.52
crossmatch-result-20258.txt,"20258,",83.72
crossmatch-result-20469.txt,"20469,",93.5
crossmatch-result-21647.txt,"21647,",90.27
crossmatch-result-21984.txt,"21984,",92.5
crossmatch-result-22029.txt,"22029,",95.36
crossmatch-result-21609.txt,"21609,",94.29
crossmatch-result-21741.txt,"21741,",93.99
crossmatch-result-22114.txt,"22114,",92.58
crossmatch-result-20858.txt,"20858,",94.83
crossmatch-result-25872.txt,"25872,",89.68
crossmatch-result-21384.txt,"21384,",92.78
crossmatch-result-21038.txt,"21038,",93.99
crossmatch-result-20326.txt,"20326,",93.22
crossmatch-result-20677.txt,"20677,",88.95
crossmatch-result-20312.txt,"20312,",96.29
crossmatch-result-22026.txt,"22026,",94.53
crossmatch-result-20368.txt,"20368,",86.15
crossmatch-result-20263.txt,"20263,",83.32
crossmatch-result-20965.txt,"20965,",95.39
crossmatch-result-20706.txt,"20706,",94.6
crossmatch-result-20382.txt,"20382,",92.5
crossmatch-result-20425.txt,"20425,",94.88
crossmatch-result-20466.txt,"20466,",93.43
crossmatch-result-20289.txt,"20289,",83.64
crossmatch-result-22659.txt,"22659,",84.64
crossmatch-result-20634.txt,"20634,",94.27
crossmatch-result-21606.txt,"21606,",94.66
crossmatch-result-21958.txt,"21958,",94.68
crossmatch-result-21552.txt,"21552,",94.84
crossmatch-result-21961.txt,"21961,",92.87
crossmatch-result-21074.txt,"21074,",93.06
crossmatch-result-22344.txt,"22344,",92.67
crossmatch-result-41507.txt,"41507,",94.27
crossmatch-result-23182.txt,"23182,",93.52
crossmatch-result-21867.txt,"21867,",95.38
crossmatch-result-21865.txt,"21865,",93.85
crossmatch-result-21694.txt,"21694,",88.55
crossmatch-result-20367.txt,"20367,",90.94
crossmatch-result-20324.txt,"20324,",92.47
crossmatch-result-20413.txt,"20413,",94.26
crossmatch-result-20329.txt,"20329,",94.78
crossmatch-result-20967.txt,"20967,",94.41
crossmatch-result-22654.txt,"22654,",84.72
crossmatch-result-20587.txt,"20587,",94.26
crossmatch-result-22615.txt,"22615,",85.84
crossmatch-result-23870.txt,"23870,",93.63
crossmatch-result-21989.txt,"21989,",91.31
crossmatch-result-20747.txt,"20747,",91.87
crossmatch-result-21810.txt,"21810,",91.96
crossmatch-result-20559.txt,"20559,",94.84
crossmatch-result-20380.txt,"20380,",89.88
crossmatch-result-20427.txt,"20427,",94.2
crossmatch-result-20428.txt,"20428,",94.5
crossmatch-result-20709.txt,"20709,",94.88
crossmatch-result-20643.txt,"20643,",87.55
crossmatch-result-21550.txt,"21550,",94.16
crossmatch-result-20588.txt,"20588,",94.56
crossmatch-result-21487.txt,"21487,",93.38
crossmatch-result-21671.txt,"21671,",93.53
crossmatch-result-22116.txt,"22116,",91.13
crossmatch-result-21920.txt,"21920,",94.96
crossmatch-result-20732.txt,"20732,",94.06
crossmatch-result-21853.txt,"21853,",95.1
crossmatch-result-20799.txt,"20799,",94.86
crossmatch-result-25478.txt,"25478,",87.15
crossmatch-result-22874.txt,"22874,",94.12
crossmatch-result-25870.txt,"25870,",86.12
crossmatch-result-22473.txt,"22473,",92.39
crossmatch-result-22685.txt,"22685,",94.22
crossmatch-result-21986.txt,"21986,",92.01
crossmatch-result-20310.txt,"20310,",89.1
crossmatch-result-22065.txt,"22065,",95.38
crossmatch-result-20483.txt,"20483,",87.41
crossmatch-result-22155.txt,"22155,",91.07
crossmatch-result-21630.txt,"21630,",96.17
crossmatch-result-21696.txt,"21696,",93.55
crossmatch-result-20365.txt,"20365,",95.13
crossmatch-result-21091.txt,"21091,",94.99
crossmatch-result-21144.txt,"21144,",95.07
crossmatch-result-21093.txt,"21093,",94.48
crossmatch-result-21105.txt,"21105,",93.73
crossmatch-result-20704.txt,"20704,",96.05
crossmatch-result-21108.txt,"21108,",93.83
crossmatch-result-21824.txt,"21824,",92.73
crossmatch-result-20523.txt,"20523,",93.48
crossmatch-result-22445.txt,"22445,",91.55
crossmatch-result-22024.txt,"22024,",96.25
crossmatch-result-20773.txt,"20773,",95.36
crossmatch-result-21648.txt,"21648,",91.81
crossmatch-result-21739.txt,"21739,",93.97
crossmatch-result-21957.txt,"21957,",95.5
crossmatch-result-22331.txt,"22331,",96.1
crossmatch-result-21743.txt,"21743,",94.17
crossmatch-result-21963.txt,"21963,",91.62
crossmatch-result-21418.txt,"21418,",94.27
crossmatch-result-22051.txt,"22051,",95.07
crossmatch-result-21079.txt,"21079,",92.82
crossmatch-result-22346.txt,"22346,",92.35
crossmatch-result-22471.txt,"22471,",93.16
crossmatch-result-20861.txt,"20861,",93.26
crossmatch-result-20600.txt,"20600,",95.21
crossmatch-result-41508.txt,"41508,",95.11
crossmatch-result-20745.txt,"20745,",94.45
crossmatch-result-22068.txt,"22068,",94.51
crossmatch-result-20748.txt,"20748,",89.35
crossmatch-result-33088.txt,"33088,",88.19
crossmatch-result-20820.txt,"20820,",94.28
crossmatch-result-21699.txt,"21699,",96.16
crossmatch-result-20556.txt,"20556,",93.71
crossmatch-result-21812.txt,"21812,",94.74
crossmatch-result-20560.txt,"20560,",95.05
crossmatch-result-20690.txt,"20690,",89.23
crossmatch-result-21389.txt,"21389,",94.76
crossmatch-result-25443.txt,"25443,",85.83
crossmatch-result-21459.txt,"21459,",93.15
crossmatch-result-29381.txt,"29381,",94.44
crossmatch-result-20261.txt,"20261,",83.76
crossmatch-result-22662.txt,"22662,",85.71
crossmatch-result-29328.txt,"29328,",95.98
crossmatch-result-21485.txt,"21485,",93.07
crossmatch-result-21914.txt,"21914,",94.48
crossmatch-result-21488.txt,"21488,",95.53
crossmatch-result-20855.txt,"20855,",94.65
crossmatch-result-21851.txt,"21851,",95.17
crossmatch-result-20730.txt,"20730,",94.45
crossmatch-result-22119.txt,"22119,",90.94
crossmatch-result-21076.txt,"21076,",95.29
crossmatch-result-21922.txt,"21922,",94.26
crossmatch-result-20174.txt,"20174,",85.72
crossmatch-result-20176.txt,"20176,",81.94
crossmatch-result-20814.txt,"20814,",95.83
crossmatch-result-20819.txt,"20819,",90.16
crossmatch-result-20822.txt,"20822,",93.69
crossmatch-result-21700.txt,"21700,",89.27
crossmatch-result-21882.txt,"21882,",95.54
crossmatch-result-21149.txt,"21149,",93.96
crossmatch-result-21042.txt,"21042,",93.55
crossmatch-result-21454.txt,"21454,",94.0
crossmatch-result-20562.txt,"20562,",95.38
crossmatch-result-20464.txt,"20464,",94.41
crossmatch-result-25441.txt,"25441,",91.47
crossmatch-result-21107.txt,"21107,",95.34
crossmatch-result-20771.txt,"20771,",94.2
crossmatch-result-21645.txt,"21645,",94.02
crossmatch-result-20636.txt,"20636,",94.84
crossmatch-result-22660.txt,"22660,",84.11
crossmatch-result-20641.txt,"20641,",83.68
crossmatch-result-22333.txt,"22333,",95.97
crossmatch-result-20794.txt,"20794,",93.46
crossmatch-result-21916.txt,"21916,",93.92
crossmatch-result-21423.txt,"21423,",96.27
crossmatch-result-20857.txt,"20857,",94.02
crossmatch-result-21919.txt,"21919,",94.48
crossmatch-result-20796.txt,"20796,",95.24
crossmatch-result-21564.txt,"21564,",94.78
crossmatch-result-22349.txt,"22349,",95.73
crossmatch-result-22876.txt,"22876,",94.39
crossmatch-result-20602.txt,"20602,",95.54
crossmatch-result-40932.txt,"40932,",95.36
crossmatch-result-21868.txt,"21868,",95.64
crossmatch-result-20675.txt,"20675,",92.36
crossmatch-result-33334.txt,"33334,",95.87
crossmatch-result-21511.txt,"21511,",93.15
crossmatch-result-20678.txt,"20678,",89.19
crossmatch-result-20515.txt,"20515,",95.17
crossmatch-result-20411.txt,"20411,",95.23
crossmatch-result-21146.txt,"21146,",93.88
crossmatch-result-21880.txt,"21880,",93.49
crossmatch-result-21040.txt,"21040,",95.36
crossmatch-result-20912.txt,"20912,",94.99
crossmatch-result-20910.txt,"20910,",93.84
crossmatch-result-20968.txt,"20968,",94.73
crossmatch-result-20521.txt,"20521,",92.97
crossmatch-result-29383.txt,"29383,",94.09
crossmatch-result-20286.txt,"20286,",82.85
crossmatch-result-21734.txt,"21734,",94.71
crossmatch-result-21736.txt,"21736,",94.42
crossmatch-result-20639.txt,"20639,",84.43
crossmatch-result-21955.txt,"21955,",92.0
crossmatch-result-21604.txt,"21604,",94.38
crossmatch-result-20585.txt,"20585,",95.12
crossmatch-result-21421.txt,"21421,",95.26
crossmatch-result-21673.txt,"21673,",94.73
crossmatch-result-25477.txt,"25477,",86.93
crossmatch-result-21566.txt,"21566,",94.37
crossmatch-result-22053.txt,"22053,",95.35
crossmatch-result-23180.txt,"23180,",93.14
crossmatch-result-20481.txt,"20481,",83.95
crossmatch-result-20816.txt,"20816,",93.71
crossmatch-result-21632.txt,"21632,",94.17
crossmatch-result-20450.txt,"20450,",94.81
crossmatch-result-21702.txt,"21702,",94.75
crossmatch-result-20452.txt,"20452,",94.94
crossmatch-result-21197.txt,"21197,",95.61
crossmatch-result-20692.txt,"20692,",93.34
crossmatch-result-29379.txt,"29379,",95.29
crossmatch-result-21052.txt,"21052,",94.0
crossmatch-result-20572.txt,"20572,",94.92
crossmatch-result-20570.txt,"20570,",93.76
crossmatch-result-21689.txt,"21689,",93.75
crossmatch-result-23175.txt,"23175,",93.29
crossmatch-result-21616.txt,"21616,",92.9
crossmatch-result-21753.txt,"21753,",94.03
crossmatch-result-20300.txt,"20300,",86.05
crossmatch-result-20299.txt,"20299,",87.34
crossmatch-result-21396.txt,"21396,",93.56
crossmatch-result-21407.txt,"21407,",94.89
crossmatch-result-22529.txt,"22529,",89.87
crossmatch-result-22463.txt,"22463,",93.17
crossmatch-result-20720.txt,"20720,",91.55
crossmatch-result-20531.txt,"20531,",93.53
crossmatch-result-20150.txt,"20150,",94.85
crossmatch-result-20757.txt,"20757,",95.76
crossmatch-result-21373.txt,"21373,",94.2
crossmatch-result-21996.txt,"21996,",88.12
crossmatch-result-20763.txt,"20763,",96.11
crossmatch-result-20761.txt,"20761,",96.26
crossmatch-result-22323.txt,"22323,",96.5
crossmatch-result-21050.txt,"21050,",94.39
crossmatch-result-21470.txt,"21470,",94.37
crossmatch-result-21767.txt,"21767,",88.84
crossmatch-result-21877.txt,"21877,",91.93
crossmatch-result-21655.txt,"21655,",94.51
crossmatch-result-25451.txt,"25451,",88.27
crossmatch-result-20334.txt,"20334,",92.71
crossmatch-result-33588.txt,"33588,",82.91
crossmatch-result-20296.txt,"20296,",84.69
crossmatch-result-21200.txt,"21200,",96.0
crossmatch-result-22461.txt,"22461,",91.05
crossmatch-result-20789.txt,"20789,",94.27
crossmatch-result-25467.txt,"25467,",87.51
crossmatch-result-21843.txt,"21843,",94.67
crossmatch-result-20845.txt,"20845,",93.74
crossmatch-result-21661.txt,"21661,",91.38
crossmatch-result-22039.txt,"22039,",95.71
crossmatch-result-20653.txt,"20653,",87.48
crossmatch-result-22455.txt,"22455,",94.83
crossmatch-result-20784.txt,"20784,",91.2
crossmatch-result-22034.txt,"22034,",95.4
crossmatch-result-21971.txt,"21971,",92.87
crossmatch-result-21495.txt,"21495,",94.57
crossmatch-result-21332.txt,"21332,",94.17
crossmatch-result-33098.txt,"33098,",94.19
crossmatch-result-21497.txt,"21497,",92.42
crossmatch-result-23100.txt,"23100,",92.59
crossmatch-result-20533.txt,"20533,",92.38
crossmatch-result-21501.txt,"21501,",91.82
crossmatch-result-29340.txt,"29340,",93.05
crossmatch-result-20665.txt,"20665,",92.7
crossmatch-result-20438.txt,"20438,",89.25
crossmatch-result-20442.txt,"20442,",90.38
crossmatch-result-20401.txt,"20401,",95.54
crossmatch-result-21083.txt,"21083,",94.73
crossmatch-result-21875.txt,"21875,",86.01
crossmatch-result-20680.txt,"20680,",91.8
crossmatch-result-20403.txt,"20403,",96.24
crossmatch-result-20894.txt,"20894,",95.57
crossmatch-result-20832.txt,"20832,",92.62
crossmatch-result-20624.txt,"20624,",92.12
crossmatch-result-20294.txt,"20294,",85.62
crossmatch-result-20343.txt,"20343,",91.58
crossmatch-result-21154.txt,"21154,",95.36
crossmatch-result-21394.txt,"21394,",90.8
crossmatch-result-20651.txt,"20651,",84.68
crossmatch-result-23099.txt,"23099,",92.29
crossmatch-result-24631.txt,"24631,",92.18
crossmatch-result-21619.txt,"21619,",94.91
crossmatch-result-22881.txt,"22881,",94.75
crossmatch-result-21932.txt,"21932,",94.32
crossmatch-result-20612.txt,"20612,",86.43
crossmatch-result-21444.txt,"21444,",94.75
crossmatch-result-20830.txt,"20830,",95.43
crossmatch-result-29571.txt,"29571,",96.21
crossmatch-result-20755.txt,"20755,",95.46
crossmatch-result-20375.txt,"20375,",89.84
crossmatch-result-20493.txt,"20493,",91.67
crossmatch-result-21593.txt,"21593,",95.49
crossmatch-result-21906.txt,"21906,",94.32
crossmatch-result-21839.txt,"21839,",94.65
crossmatch-result-20786.txt,"20786,",92.08
crossmatch-result-20390.txt,"20390,",89.3
crossmatch-result-20474.txt,"20474,",91.63
crossmatch-result-20597.txt,"20597,",93.93
crossmatch-result-20392.txt,"20392,",89.46
crossmatch-result-21684.txt,"21684,",93.63
crossmatch-result-20507.txt,"20507,",93.62
crossmatch-result-20806.txt,"20806,",93.7
crossmatch-result-20479.txt,"20479,",83.02
crossmatch-result-41469.txt,"41469,",91.74
crossmatch-result-21431.txt,"21431,",95.38
crossmatch-result-21620.txt,"21620,",95.65
crossmatch-result-20682.txt,"20682,",89.86
crossmatch-result-21948.txt,"21948,",91.27
crossmatch-result-25453.txt,"25453,",89.96
crossmatch-result-21540.txt,"21540,",96.34
crossmatch-result-21542.txt,"21542,",95.16
crossmatch-result-21904.txt,"21904,",93.12
crossmatch-result-21472.txt,"21472,",92.93
crossmatch-result-21405.txt,"21405,",94.74
crossmatch-result-20716.txt,"20716,",87.46
crossmatch-result-21408.txt,"21408,",93.48
crossmatch-result-21909.txt,"21909,",93.81
crossmatch-result-20719.txt,"20719,",88.53
crossmatch-result-20847.txt,"20847,",94.89
crossmatch-result-22672.txt,"22672,",85.63
crossmatch-result-21069.txt,"21069,",94.72
crossmatch-result-20595.txt,"20595,",88.4
crossmatch-result-33326.txt,"33326,",94.24
crossmatch-result-20166.txt,"20166,",82.05
crossmatch-result-20476.txt,"20476,",94.05
crossmatch-result-25480.txt,"25480,",90.23
crossmatch-result-20804.txt,"20804,",95.62
crossmatch-result-20169.txt,"20169,",87.39
crossmatch-result-23178.txt,"23178,",91.98
crossmatch-result-22354.txt,"22354,",94.11
crossmatch-result-20437.txt,"20437,",94.94
crossmatch-result-21930.txt,"21930,",93.36
crossmatch-result-22565.txt,"22565,",91.84
crossmatch-result-21765.txt,"21765,",95.98
crossmatch-result-20610.txt,"20610,",83.04
crossmatch-result-20273.txt,"20273,",93.87
crossmatch-result-20902.txt,"20902,",94.78
crossmatch-result-20629.txt,"20629,",95.65
crossmatch-result-21156.txt,"21156,",93.81
crossmatch-result-20339.txt,"20339,",92.5
crossmatch-result-20341.txt,"20341,",92.46
crossmatch-result-21710.txt,"21710,",92.58
crossmatch-result-21947.txt,"21947,",92.32
crossmatch-result-20505.txt,"20505,",88.99
crossmatch-result-21658.txt,"21658,",92.8
crossmatch-result-22041.txt,"22041,",95.24
crossmatch-result-20848.txt,"20848,",95.35
crossmatch-result-25468.txt,"25468,",90.82
crossmatch-result-20164.txt,"20164,",84.2
crossmatch-result-22145.txt,"22145,",94.39
crossmatch-result-41135.txt,"41135,",95.44
crossmatch-result-41554.txt,"41554,",94.24
crossmatch-result-20809.txt,"20809,",95.72
crossmatch-result-20667.txt,"20667,",93.64
crossmatch-result-20668.txt,"20668,",92.96
crossmatch-result-23925.txt,"23925,",91.91
crossmatch-result-20440.txt,"20440,",91.1
crossmatch-result-22486.txt,"22486,",93.73
crossmatch-result-20758.txt,"20758,",94.33
crossmatch-result-20377.txt,"20377,",89.14
crossmatch-result-21591.txt,"21591,",96.31
crossmatch-result-21892.txt,"21892,",95.79
crossmatch-result-20714.txt,"20714,",92.11
crossmatch-result-21834.txt,"21834,",93.2
crossmatch-result-22524.txt,"22524,",90.05
crossmatch-result-21292.txt,"21292,",96.61
crossmatch-result-22526.txt,"22526,",90.98
crossmatch-result-21836.txt,"21836,",93.22
crossmatch-result-21066.txt,"21066,",95.61
crossmatch-result-21663.txt,"21663,",92.85
crossmatch-result-25465.txt,"25465,",85.75
crossmatch-result-22043.txt,"22043,",95.44
crossmatch-result-22458.txt,"22458,",95.23
crossmatch-result-21330.txt,"21330,",93.01
crossmatch-result-20598.txt,"20598,",95.46
crossmatch-result-21498.txt,"21498,",93.1
crossmatch-result-23821.txt,"23821,",94.78
crossmatch-result-24633.txt,"24633,",93.82
crossmatch-result-21686.txt,"21686,",94.97
crossmatch-result-22148.txt,"22148,",96.51
crossmatch-result-21433.txt,"21433,",95.03
crossmatch-result-22883.txt,"22883,",85.19
crossmatch-result-22484.txt,"22484,",92.87
crossmatch-result-21768.txt,"21768,",96.71
crossmatch-result-22000.txt,"22000,",93.84
crossmatch-result-21999.txt,"21999,",92.71
crossmatch-result-21878.txt,"21878,",94.0
crossmatch-result-20896.txt,"20896,",95.52
crossmatch-result-21446.txt,"21446,",94.61
crossmatch-result-20899.txt,"20899,",96.18
crossmatch-result-37725.txt,"37725,",95.65
crossmatch-result-20152.txt,"20152,",85.11
crossmatch-result-20336.txt,"20336,",91.75
crossmatch-result-21890.txt,"21890,",95.07
crossmatch-result-22649.txt,"22649,",84.06
crossmatch-result-20378.txt,"20378,",91.27
crossmatch-result-21399.txt,"21399,",93.74
crossmatch-result-21657.txt,"21657,",93.99
crossmatch-result-22036.txt,"22036,",95.12
crossmatch-result-21064.txt,"21064,",91.75
crossmatch-result-22457.txt,"22457,",90.99
crossmatch-result-21841.txt,"21841,",92.5
crossmatch-result-20722.txt,"20722,",91.92
crossmatch-result-21751.txt,"21751,",94.37
crossmatch-result-21973.txt,"21973,",95.21
crossmatch-result-23862.txt,"23862,",85.9
crossmatch-result-23177.txt,"23177,",92.22
crossmatch-result-22356.txt,"22356,",92.86
crossmatch-result-21503.txt,"21503,",93.26
crossmatch-result-21622.txt,"21622,",94.48
crossmatch-result-25707.txt,"25707,",84.13
crossmatch-result-20900.txt,"20900,",95.8
crossmatch-result-21449.txt,"21449,",93.99
crossmatch-result-29573.txt,"29573,",95.63
crossmatch-result-20918.txt,"20918,",94.0
crossmatch-result-20463.txt,"20463,",93.61
crossmatch-result-20419.txt,"20419,",93.99
crossmatch-result-21453.txt,"21453,",92.46
crossmatch-result-20568.txt,"20568,",94.51
crossmatch-result-20960.txt,"20960,",92.78
crossmatch-result-21818.txt,"21818,",90.38
crossmatch-result-20962.txt,"20962,",94.69
crossmatch-result-20173.txt,"20173,",86.17
crossmatch-result-21746.txt,"21746,",91.53
crossmatch-result-21175.txt,"21175,",95.55
crossmatch-result-21603.txt,"21603,",95.6
crossmatch-result-20580.txt,"20580,",95.38
crossmatch-result-20524.txt,"20524,",91.36
crossmatch-result-20852.txt,"20852,",95.69
crossmatch-result-21969.txt,"21969,",94.48
crossmatch-result-20354.txt,"20354,",92.07
crossmatch-result-21928.txt,"21928,",96.08
crossmatch-result-21707.txt,"21707,",91.76
crossmatch-result-20828.txt,"20828,",95.77
crossmatch-result-22896.txt,"22896,",88.2
crossmatch-result-25497.txt,"25497,",85.06
crossmatch-result-20954.txt,"20954,",96.08
crossmatch-result-20633.txt,"20633,",95.62
crossmatch-result-29583.txt,"29583,",95.64
crossmatch-result-21048.txt,"21048,",93.55
crossmatch-result-20701.txt,"20701,",94.94
crossmatch-result-21045.txt,"21045,",94.79
crossmatch-result-21691.txt,"21691,",94.17
crossmatch-result-21966.txt,"21966,",93.33
crossmatch-result-22334.txt,"22334,",96.61
crossmatch-result-21071.txt,"21071,",93.92
crossmatch-result-21426.txt,"21426,",94.58
crossmatch-result-40979.txt,"40979,",94.03
crossmatch-result-37889.txt,"37889,",95.07
crossmatch-result-21927.txt,"21927,",93.12
crossmatch-result-20318.txt,"20318,",93.49
crossmatch-result-22899.txt,"22899,",86.7
crossmatch-result-20565.txt,"20565,",94.09
crossmatch-result-33120.txt,"33120,",93.94
crossmatch-result-25446.txt,"25446,",89.94
crossmatch-result-20698.txt,"20698,",94.79
crossmatch-result-21102.txt,"21102,",94.73
crossmatch-result-20388.txt,"20388,",90.9
crossmatch-result-21468.txt,"21468,",95.7
crossmatch-result-20526.txt,"20526,",89.43
crossmatch-result-22665.txt,"22665,",84.74
crossmatch-result-22610.txt,"22610,",95.34
crossmatch-result-21555.txt,"21555,",94.22
crossmatch-result-21557.txt,"21557,",94.64
crossmatch-result-22341.txt,"22341,",90.17
crossmatch-result-21561.txt,"21561,",94.13
crossmatch-result-21679.txt,"21679,",94.86
crossmatch-result-20529.txt,"20529,",94.35
crossmatch-result-20211.txt,"20211,",83.57
crossmatch-result-21429.txt,"21429,",93.54
crossmatch-result-22060.txt,"22060,",94.45
crossmatch-result-25655.txt,"25655,",84.37
crossmatch-result-20486.txt,"20486,",87.72
crossmatch-result-21693.txt,"21693,",94.25
crossmatch-result-21705.txt,"21705,",91.96
crossmatch-result-22900.txt,"22900,",83.75
crossmatch-result-21451.txt,"21451,",93.76
crossmatch-result-21708.txt,"21708,",95.13
crossmatch-result-21383.txt,"21383,",92.47
crossmatch-result-20774.txt,"20774,",95.92
crossmatch-result-21815.txt,"21815,",94.73
crossmatch-result-21888.txt,"21888,",81.42
crossmatch-result-21589.txt,"21589,",96.35
crossmatch-result-21047.txt,"21047,",94.03
crossmatch-result-20567.txt,"20567,",95.31
crossmatch-result-21821.txt,"21821,",94.94
crossmatch-result-22336.txt,"22336,",88.95
crossmatch-result-22668.txt,"22668,",85.09
crossmatch-result-21410.txt,"21410,",94.03
crossmatch-result-20649.txt,"20649,",83.53
crossmatch-result-21558.txt,"21558,",94.59
crossmatch-result-21674.txt,"21674,",92.32
crossmatch-result-21854.txt,"21854,",94.18
crossmatch-result-20356.txt,"20356,",89.62
crossmatch-result-20738.txt,"20738,",94.78
crossmatch-result-22059.txt,"22059,",93.94
crossmatch-result-22474.txt,"22474,",92.19
crossmatch-result-21981.txt,"21981,",95.24
crossmatch-result-21983.txt,"21983,",94.53
crossmatch-result-22062.txt,"22062,",94.84
crossmatch-result-20607.txt,"20607,",92.44
crossmatch-result-24629.txt,"24629,",95.2
crossmatch-result-20813.txt,"20813,",94.64
crossmatch-result-22479.txt,"22479,",92.84
crossmatch-result-22150.txt,"22150,",94.43
crossmatch-result-20362.txt,"20362,",95.21
crossmatch-result-20321.txt,"20321,",94.22
crossmatch-result-21862.txt,"21862,",95.34
crossmatch-result-21143.txt,"21143,",96.44
crossmatch-result-20414.txt,"20414,",95.25
crossmatch-result-25498.txt,"25498,",86.92
crossmatch-result-21099.txt,"21099,",95.34
crossmatch-result-20695.txt,"20695,",94.5
crossmatch-result-21638.txt,"21638,",95.09
crossmatch-result-29581.txt,"29581,",94.47
crossmatch-result-33590.txt,"33590,",84.14
crossmatch-result-20915.txt,"20915,",93.28
crossmatch-result-20776.txt,"20776,",71.51
crossmatch-result-21733.txt,"21733,",93.14
crossmatch-result-22598.txt,"22598,",93.35
crossmatch-result-20646.txt,"20646,",83.64
crossmatch-result-21911.txt,"21911,",94.91
crossmatch-result-21964.txt,"21964,",93.6
crossmatch-result-20850.txt,"20850,",95.03
crossmatch-result-21424.txt,"21424,",95.47
crossmatch-result-21676.txt,"21676,",93.88
crossmatch-result-20735.txt,"20735,",95.07
crossmatch-result-22054.txt,"22054,",96.07
crossmatch-result-23538.txt,"23538,",92.08
crossmatch-result-20171.txt,"20171,",85.11
crossmatch-result-23185.txt,"23185,",92.82
crossmatch-result-20484.txt,"20484,",82.84
crossmatch-result-22152.txt,"22152,",94.28
crossmatch-result-33333.txt,"33333,",93.79
crossmatch-result-20827.txt,"20827,",95.67
crossmatch-result-21094.txt,"21094,",95.15
crossmatch-result-21887.txt,"21887,",94.78
crossmatch-result-20455.txt,"20455,",94.1
crossmatch-result-33114.txt,"33114,",94.44
crossmatch-result-20420.txt,"20420,",93.35
crossmatch-result-21817.txt,"21817,",94.71
crossmatch-result-21311.txt,"21311,",95.18
crossmatch-result-20631.txt,"20631,",95.31
crossmatch-result-20703.txt,"20703,",95.06
crossmatch-result-25444.txt,"25444,",87.16
crossmatch-result-22021.txt,"22021,",96.08
crossmatch-result-20697.txt,"20697,",95.03
crossmatch-result-20461.txt,"20461,",93.93
crossmatch-result-20387.txt,"20387,",89.11
crossmatch-result-21467.txt,"21467,",95.24
crossmatch-result-21177.txt,"21177,",95.54
crossmatch-result-21178.txt,"21178,",95.93
crossmatch-result-21744.txt,"21744,",94.06
crossmatch-result-21913.txt,"21913,",94.61
crossmatch-result-25472.txt,"25472,",86.16
crossmatch-result-20737.txt,"20737,",95.65
crossmatch-result-20213.txt,"20213,",83.8
crossmatch-result-22056.txt,"22056,",95.35
crossmatch-result-20605.txt,"20605,",92.81
crossmatch-result-20811.txt,"20811,",92.54
crossmatch-result-40935.txt,"40935,",91.76
crossmatch-result-20228.txt,"20228,",95.4
crossmatch-result-20315.txt,"20315,",94.47
crossmatch-result-20512.txt,"20512,",94.43
crossmatch-result-20323.txt,"20323,",94.11
crossmatch-result-20457.txt,"20457,",93.64
crossmatch-result-20416.txt,"20416,",94.78
crossmatch-result-20458.txt,"20458,",95.49
crossmatch-result-21096.txt,"21096,",94.16
crossmatch-result-20956.txt,"20956,",94.33
crossmatch-result-20959.txt,"20959,",92.69
crossmatch-result-20921.txt,"20921,",94.57
crossmatch-result-20422.txt,"20422,",93.32
crossmatch-result-20917.txt,"20917,",93.7
crossmatch-result-21642.txt,"21642,",92.6
crossmatch-result-33404.txt,"33404,",94.57
crossmatch-result-21950.txt,"21950,",94.41
crossmatch-result-20791.txt,"20791,",92.22
crossmatch-result-20266.txt,"20266,",88.35
crossmatch-result-22682.txt,"22682,",94.55
crossmatch-result-21925.txt,"21925,",95.32
crossmatch-result-21859.txt,"21859,",94.43
crossmatch-result-23371.txt,"23371,",95.14
crossmatch-result-20317.txt,"20317,",92.58
crossmatch-result-20147.txt,"20147,",95.4
crossmatch-result-20825.txt,"20825,",94.33
crossmatch-result-20281.txt,"20281,",83.49
crossmatch-result-21381.txt,"21381,",92.44
crossmatch-result-21586.txt,"21586,",93.67
crossmatch-result-21100.txt,"21100,",95.07
crossmatch-result-21952.txt,"21952,",94.92
crossmatch-result-22023.txt,"22023,",95.48
crossmatch-result-20779.txt,"20779,",91.08
crossmatch-result-20582.txt,"20582,",94.66
crossmatch-result-22667.txt,"22667,",86.71
crossmatch-result-21412.txt,"21412,",94.46
crossmatch-result-21480.txt,"21480,",95.08
crossmatch-result-21482.txt,"21482,",95.42
crossmatch-result-22339.txt,"22339,",95.03
crossmatch-result-21073.txt,"21073,",93.49
crossmatch-result-20793.txt,"20793,",93.21
crossmatch-result-21749.txt,"21749,",94.37
crossmatch-result-22343.txt,"22343,",91.33
crossmatch-result-21563.txt,"21563,",94.86
crossmatch-result-21856.txt,"21856,",94.45
crossmatch-result-21860.txt,"21860,",94.68
crossmatch-result-20608.txt,"20608,",93.77
crossmatch-result-20360.txt,"20360,",95.15
crossmatch-result-20359.txt,"20359,",92.83
crossmatch-result-21134.txt,"21134,",94.99
crossmatch-result-21885.txt,"21885,",95.05
crossmatch-result-20305.txt,"20305,",88.36
crossmatch-result-23826.txt,"23826,",94.84
crossmatch-result-21652.txt,"21652,",92.99
crossmatch-result-20713.txt,"20713,",92.6
crossmatch-result-20783.txt,"20783,",89.59
crossmatch-result-23867.txt,"23867,",92.16
crossmatch-result-21846.txt,"21846,",93.88
crossmatch-result-22678.txt,"22678,",86.14
crossmatch-result-20656.txt,"20656,",87.84
crossmatch-result-22469.txt,"22469,",94.14
crossmatch-result-20801.txt,"20801,",94.61
crossmatch-result-22049.txt,"22049,",96.07
crossmatch-result-20395.txt,"20395,",92.85
crossmatch-result-21379.txt,"21379,",94.61
crossmatch-result-21808.txt,"21808,",94.75
crossmatch-result-20908.txt,"20908,",94.95
crossmatch-result-33090.txt,"33090,",87.61
crossmatch-result-29579.txt,"29579,",94.7
crossmatch-result-21993.txt,"21993,",93.02
crossmatch-result-20406.txt,"20406,",94.81
crossmatch-result-21376.txt,"21376,",94.4
crossmatch-result-20837.txt,"20837,",96.18
crossmatch-result-20494.txt,"20494,",92.74
crossmatch-result-21897.txt,"21897,",93.5
crossmatch-result-20331.txt,"20331,",93.75
crossmatch-result-22450.txt,"22450,",92.89
crossmatch-result-20578.txt,"20578,",95.14
crossmatch-result-21611.txt,"21611,",94.22
crossmatch-result-21548.txt,"21548,",93.52
crossmatch-result-22329.txt,"22329,",95.46
crossmatch-result-22521.txt,"22521,",91.39
crossmatch-result-20840.txt,"20840,",93.55
crossmatch-result-21180.txt,"21180,",95.07
crossmatch-result-22044.txt,"22044,",95.68
crossmatch-result-21849.txt,"21849,",94.16
crossmatch-result-22675.txt,"22675,",86.04
crossmatch-result-40925.txt,"40925,",94.52
crossmatch-result-21974.txt,"21974,",91.54
crossmatch-result-40928.txt,"40928,",94.68
crossmatch-result-21506.txt,"21506,",93.63
crossmatch-result-22884.txt,"22884,",94.27
crossmatch-result-22481.txt,"22481,",92.22
crossmatch-result-22562.txt,"22562,",91.9
crossmatch-result-25485.txt,"25485,",88.22
crossmatch-result-21443.txt,"21443,",92.45
crossmatch-result-25488.txt,"25488,",89.72
crossmatch-result-21935.txt,"21935,",94.4
crossmatch-result-21807.txt,"21807,",94.87
crossmatch-result-20752.txt,"20752,",92.82
crossmatch-result-21937.txt,"21937,",95.06
crossmatch-result-20687.txt,"20687,",93.66
crossmatch-result-29574.txt,"29574,",93.9
crossmatch-result-21594.txt,"21594,",94.07
crossmatch-result-20502.txt,"20502,",94.77
crossmatch-result-20766.txt,"20766,",94.04
crossmatch-result-20970.txt,"20970,",94.06
crossmatch-result-21112.txt,"21112,",95.13
crossmatch-result-21898.txt,"21898,",88.04
crossmatch-result-22517.txt,"22517,",89.35
crossmatch-result-20725.txt,"20725,",90.67
crossmatch-result-21490.txt,"21490,",92.88
crossmatch-result-22523.txt,"22523,",87.98
crossmatch-result-20659.txt,"20659,",85.94
crossmatch-result-20660.txt,"20660,",92.45
crossmatch-result-21759.txt,"21759,",95.23
crossmatch-result-21760.txt,"21760,",83.6
crossmatch-result-21976.txt,"21976,",95.4
crossmatch-result-21979.txt,"21979,",94.55
crossmatch-result-22351.txt,"22351,",95.69
crossmatch-result-20534.txt,"20534,",87.52
crossmatch-result-21870.txt,"21870,",95.34
crossmatch-result-21298.txt,"21298,",95.65
crossmatch-result-21441.txt,"21441,",94.34
crossmatch-result-20276.txt,"20276,",94.88
crossmatch-result-22820.txt,"22820,",84.91
crossmatch-result-20685.txt,"20685,",91.13
crossmatch-result-20370.txt,"20370,",82.89
crossmatch-result-21151.txt,"21151,",93.68
crossmatch-result-20291.txt,"20291,",87.5
crossmatch-result-20500.txt,"20500,",94.47
crossmatch-result-22326.txt,"22326,",95.11
crossmatch-result-21402.txt,"21402,",95.33
crossmatch-result-25459.txt,"25459,",86.73
crossmatch-result-25462.txt,"25462,",88.84
crossmatch-result-21664.txt,"21664,",94.69
crossmatch-result-21478.txt,"21478,",93.19
crossmatch-result-21477.txt,"21477,",94.82
crossmatch-result-22464.txt,"22464,",92.42
crossmatch-result-21754.txt,"21754,",94.64
crossmatch-result-20728.txt,"20728,",91.37
crossmatch-result-23172.txt,"23172,",93.49
crossmatch-result-41092.txt,"41092,",92.49
crossmatch-result-20536.txt,"20536,",89.56
crossmatch-result-23868.txt,"23868,",93.9
crossmatch-result-20397.txt,"20397,",93.61
crossmatch-result-22886.txt,"22886,",85.63
crossmatch-result-20274.txt,"20274,",95.79
crossmatch-result-20448.txt,"20448,",94.68
crossmatch-result-25487.txt,"25487,",86.41
crossmatch-result-21938.txt,"21938,",95.38
crossmatch-result-29576.txt,"29576,",95.26
crossmatch-result-20623.txt,"20623,",91.07
crossmatch-result-21153.txt,"21153,",93.98
crossmatch-result-20496.txt,"20496,",93.88
crossmatch-result-20158.txt,"20158,",86.94
crossmatch-result-21650.txt,"21650,",91.24
crossmatch-result-21057.txt,"21057,",84.96
crossmatch-result-21400.txt,"21400,",93.32
crossmatch-result-21058.txt,"21058,",82.26
crossmatch-result-20577.txt,"20577,",94.61
crossmatch-result-22452.txt,"22452,",94.59
crossmatch-result-25460.txt,"25460,",88.13
crossmatch-result-21061.txt,"21061,",93.48
crossmatch-result-21547.txt,"21547,",94.78
crossmatch-result-21182.txt,"21182,",94.83
crossmatch-result-21666.txt,"21666,",94.57
crossmatch-result-21669.txt,"21669,",92.54
crossmatch-result-29330.txt,"29330,",88.0
crossmatch-result-20727.txt,"20727,",92.82
crossmatch-result-20592.txt,"20592,",83.03
crossmatch-result-23865.txt,"23865,",93.77
crossmatch-result-22353.txt,"22353,",88.76
crossmatch-result-21504.txt,"21504,",94.32
crossmatch-result-21434.txt,"21434,",91.7
crossmatch-result-20398.txt,"20398,",93.8
crossmatch-result-21086.txt,"21086,",93.9
crossmatch-result-21627.txt,"21627,",95.78
crossmatch-result-21940.txt,"21940,",95.53
crossmatch-result-20835.txt,"20835,",95.1
crossmatch-result-21055.txt,"21055,",94.27
crossmatch-result-20575.txt,"20575,",94.64
crossmatch-result-20781.txt,"20781,",90.73
crossmatch-result-20654.txt,"20654,",85.96
crossmatch-result-20590.txt,"20590,",94.82
crossmatch-result-40927.txt,"40927,",94.58
crossmatch-result-20662.txt,"20662,",92.56
crossmatch-result-24554.txt,"24554,",95.19
crossmatch-result-23824.txt,"23824,",95.32
crossmatch-result-20445.txt,"20445,",92.59
crossmatch-result-21625.txt,"21625,",94.93
crossmatch-result-22819.txt,"22819,",86.49
crossmatch-result-20279.txt,"20279,",89.5
crossmatch-result-20333.txt,"20333,",93.72
crossmatch-result-21110.txt,"21110,",94.0
crossmatch-result-21391.txt,"21391,",94.06
crossmatch-result-21596.txt,"21596,",94.27
crossmatch-result-21393.txt,"21393,",91.93
crossmatch-result-21903.txt,"21903,",94.49
crossmatch-result-21545.txt,"21545,",94.05
crossmatch-result-33416.txt,"33416,",94.27
crossmatch-result-22046.txt,"22046,",94.98
crossmatch-result-21492.txt,"21492,",94.38
crossmatch-result-21756.txt,"21756,",94.43
crossmatch-result-21063.txt,"21063,",92.65
crossmatch-result-21681.txt,"21681,",93.22
crossmatch-result-33644.txt,"33644,",95.21
crossmatch-result-21683.txt,"21683,",93.23
crossmatch-result-25702.txt,"25702,",85.43
crossmatch-result-40983.txt,"40983,",95.01
crossmatch-result-21436.txt,"21436,",92.14
crossmatch-result-22483.txt,"22483,",91.4
crossmatch-result-21084.txt,"21084,",95.14
crossmatch-result-21872.txt,"21872,",94.23
crossmatch-result-21439.txt,"21439,",93.83
crossmatch-result-20447.txt,"20447,",94.8
crossmatch-result-20615.txt,"20615,",88.52
crossmatch-result-20372.txt,"20372,",86.48
crossmatch-result-20621.txt,"20621,",92.08
crossmatch-result-20764.txt,"20764,",95.41
crossmatch-result-20769.txt,"20769,",96.8
crossmatch-result-20499.txt,"20499,",94.91
crossmatch-result-20293.txt,"20293,",85.48
crossmatch-result-20471.txt,"20471,",95.42
crossmatch-result-20430.txt,"20430,",93.94
crossmatch-result-20161.txt,"20161,",85.54
crossmatch-result-21895.txt,"21895,",94.32
crossmatch-result-21599.txt,"21599,",93.88
crossmatch-result-20711.txt,"20711,",94.6
crossmatch-result-21831.txt,"21831,",94.36
crossmatch-result-21833.txt,"21833,",94.62
crossmatch-result-22324.txt,"22324,",94.8
crossmatch-result-21901.txt,"21901,",93.86
crossmatch-result-22033.txt,"22033,",95.31
crossmatch-result-21475.txt,"21475,",94.66
crossmatch-result-22031.txt,"22031,",95.42
crossmatch-result-21844.txt,"21844,",94.66
crossmatch-result-22466.txt,"22466,",93.75
crossmatch-result-41510.txt,"41510,",93.7
crossmatch-result-21509.txt,"21509,",91.98
crossmatch-result-21991.txt,"21991,",92.14
crossmatch-result-22634.txt,"22634,",85.92
crossmatch-result-21301.txt,"21301,",88.76
crossmatch-result-21628.txt,"21628,",95.37
crossmatch-result-20404.txt,"20404,",94.3
crossmatch-result-20409.txt,"20409,",95.32
crossmatch-result-21374.txt,"21374,",95.57
crossmatch-result-20750.txt,"20750,",94.74
crossmatch-result-21089.txt,"21089,",95.47
crossmatch-result-20617.txt,"20617,",94.92
crossmatch-result-20688.txt,"20688,",93.48
crossmatch-result-20905.txt,"20905,",93.06
crossmatch-result-20907.txt,"20907,",94.74
crossmatch-result-22839.txt,"22839,",83.08
crossmatch-result-21387.txt,"21387,",94.18
crossmatch-result-21458.txt,"21458,",91.86
crossmatch-result-20635.txt,"20635,",95.01
crossmatch-result-20913.txt,"20913,",94.36
crossmatch-result-20563.txt,"20563,",95.3
crossmatch-result-20705.txt,"20705,",95.35
crossmatch-result-20772.txt,"20772,",94.45
crossmatch-result-21565.txt,"21565,",93.63
crossmatch-result-20482.txt,"20482,",84.16
crossmatch-result-22064.txt,"22064,",95.46
crossmatch-result-21866.txt,"21866,",95.35
crossmatch-result-40933.txt,"40933,",95.16
crossmatch-result-20862.txt,"20862,",94.74
crossmatch-result-20854.txt,"20854,",94.72
crossmatch-result-20638.txt,"20638,",94.94
crossmatch-result-21608.txt,"21608,",93.97
crossmatch-result-21738.txt,"21738,",93.91
crossmatch-result-20642.txt,"20642,",83.21
crossmatch-result-20586.txt,"20586,",94.36
crossmatch-result-21078.txt,"21078,",92.72
crossmatch-result-21670.txt,"21670,",93.34
crossmatch-result-22115.txt,"22115,",93.71
crossmatch-result-21921.txt,"21921,",95.2
crossmatch-result-29382.txt,"29382,",93.12
crossmatch-result-20451.txt,"20451,",95.08
crossmatch-result-22449.txt,"22449,",93.25
crossmatch-result-20383.txt,"20383,",92.07
crossmatch-result-20707.txt,"20707,",94.81
crossmatch-result-21171.txt,"21171,",94.48
crossmatch-result-22332.txt,"22332,",96.56
crossmatch-result-21420.txt,"21420,",95.04
crossmatch-result-21960.txt,"21960,",94.17
crossmatch-result-21740.txt,"21740,",93.37
crossmatch-result-21607.txt,"21607,",94.61
crossmatch-result-21915.txt,"21915,",94.15
crossmatch-result-21489.txt,"21489,",94.79
crossmatch-result-22345.txt,"22345,",93.54
crossmatch-result-23181.txt,"23181,",93.25
crossmatch-result-23183.txt,"23183,",94.44
crossmatch-result-20746.txt,"20746,",93.57
crossmatch-result-20815.txt,"20815,",94.88
crossmatch-result-21869.txt,"21869,",95.14
crossmatch-result-20676.txt,"20676,",87.88
crossmatch-result-21695.txt,"21695,",94.62
crossmatch-result-20325.txt,"20325,",93.24
crossmatch-result-25493.txt,"25493,",87.6
crossmatch-result-21811.txt,"21811,",93.77
crossmatch-result-20381.txt,"20381,",93.23
crossmatch-result-20770.txt,"20770,",94.45
crossmatch-result-21644.txt,"21644,",93.77
crossmatch-result-20561.txt,"20561,",94.31
crossmatch-result-20288.txt,"20288,",88.33
crossmatch-result-20520.txt,"20520,",95.12
crossmatch-result-20287.txt,"20287,",84.11
crossmatch-result-20465.txt,"20465,",94.48
crossmatch-result-20708.txt,"20708,",95.13
crossmatch-result-21104.txt,"21104,",92.78
crossmatch-result-22027.txt,"22027,",95.97
crossmatch-result-22330.txt,"22330,",96.12
crossmatch-result-21553.txt,"21553,",93.75
crossmatch-result-29329.txt,"29329,",95.54
crossmatch-result-21422.txt,"21422,",94.91
crossmatch-result-20797.txt,"20797,",95.49
crossmatch-result-25474.txt,"25474,",89.86
crossmatch-result-20860.txt,"20860,",94.6
crossmatch-result-20798.txt,"20798,",95.7
crossmatch-result-22052.txt,"22052,",95.79
crossmatch-result-22347.txt,"22347,",91.46
crossmatch-result-22877.txt,"22877,",93.68
crossmatch-result-22684.txt,"22684,",93.07
crossmatch-result-41509.txt,"41509,",94.16
crossmatch-result-22971.txt,"22971,",90.53
crossmatch-result-21512.txt,"21512,",85.08
crossmatch-result-20516.txt,"20516,",93.5
crossmatch-result-21701.txt,"21701,",92.72
crossmatch-result-20412.txt,"20412,",93.74
crossmatch-result-21145.txt,"21145,",95.42
crossmatch-result-21148.txt,"21148,",95.27
crossmatch-result-20691.txt,"20691,",94.71
crossmatch-result-20429.txt,"20429,",94.65
crossmatch-result-21199.txt,"21199,",95.48
crossmatch-result-21388.txt,"21388,",93.6
crossmatch-result-25440.txt,"25440,",87.88
crossmatch-result-20911.txt,"20911,",94.8
crossmatch-result-20426.txt,"20426,",94.32
crossmatch-result-29380.txt,"29380,",95.56
crossmatch-result-20468.txt,"20468,",94.63
crossmatch-result-22028.txt,"22028,",90.46
crossmatch-result-21735.txt,"21735,",93.33
crossmatch-result-21959.txt,"21959,",91.39
crossmatch-result-20795.txt,"20795,",95.54
crossmatch-result-20731.txt,"20731,",95.08
crossmatch-result-21077.txt,"21077,",95.11
crossmatch-result-22050.txt,"22050,",95.11
crossmatch-result-22348.txt,"22348,",92.79
crossmatch-result-22875.txt,"22875,",92.69
crossmatch-result-22878.txt,"22878,",93.57
crossmatch-result-20603.txt,"20603,",93.77
crossmatch-result-21987.txt,"21987,",92.28
crossmatch-result-21697.txt,"21697,",95.53
crossmatch-result-20366.txt,"20366,",95.56
crossmatch-result-20823.txt,"20823,",93.69
crossmatch-result-21703.txt,"21703,",93.11
crossmatch-result-25491.txt,"25491,",87.06
crossmatch-result-20453.txt,"20453,",94.09
crossmatch-result-21881.txt,"21881,",93.09
crossmatch-result-20557.txt,"20557,",94.62
crossmatch-result-21041.txt,"21041,",94.02
crossmatch-result-25442.txt,"25442,",85.61
crossmatch-result-20259.txt,"20259,",82.74
crossmatch-result-20522.txt,"20522,",93.16
crossmatch-result-21649.txt,"21649,",91.34
crossmatch-result-21605.txt,"21605,",94.0
crossmatch-result-21484.txt,"21484,",92.43
crossmatch-result-21486.txt,"21486,",94.63
crossmatch-result-21917.txt,"21917,",94.4
crossmatch-result-20856.txt,"20856,",94.58
crossmatch-result-22472.txt,"22472,",91.49
crossmatch-result-20480.txt,"20480,",84.64
crossmatch-result-22066.txt,"22066,",94.72
crossmatch-result-20674.txt,"20674,",93.71
crossmatch-result-20817.txt,"20817,",91.82
crossmatch-result-20821.txt,"20821,",93.39
crossmatch-result-20952.txt,"20952,",94.53
crossmatch-result-21698.txt,"21698,",93.63
crossmatch-result-20327.txt,"20327,",93.25
crossmatch-result-21092.txt,"21092,",95.2
crossmatch-result-21883.txt,"21883,",93.52
crossmatch-result-21813.txt,"21813,",93.38
crossmatch-result-21455.txt,"21455,",94.67
crossmatch-result-21106.txt,"21106,",94.67
crossmatch-result-20424.txt,"20424,",93.75
crossmatch-result-20966.txt,"20966,",95.12
crossmatch-result-20640.txt,"20640,",84.32
crossmatch-result-21551.txt,"21551,",93.95
crossmatch-result-20589.txt,"20589,",94.58
crossmatch-result-21419.txt,"21419,",94.06
crossmatch-result-21850.txt,"21850,",93.84
crossmatch-result-21672.txt,"21672,",94.4
crossmatch-result-21075.txt,"21075,",94.02
crossmatch-result-20733.txt,"20733,",94.77
crossmatch-result-25871.txt,"25871,",86.42
crossmatch-result-20311.txt,"20311,",94.95
crossmatch-result-20514.txt,"20514,",95.03
crossmatch-result-21090.txt,"21090,",94.99
crossmatch-result-20410.txt,"20410,",92.3
crossmatch-result-21043.txt,"21043,",93.96
crossmatch-result-22025.txt,"22025,",94.92
crossmatch-result-20964.txt,"20964,",93.99
crossmatch-result-20467.txt,"20467,",95.26
crossmatch-result-20260.txt,"20260,",84.1
crossmatch-result-20637.txt,"20637,",94.38
crossmatch-result-20262.txt,"20262,",83.97
crossmatch-result-21173.txt,"21173,",95.57
crossmatch-result-21742.txt,"21742,",94.5
crossmatch-result-20584.txt,"20584,",94.0
crossmatch-result-21852.txt,"21852,",93.69
crossmatch-result-20859.txt,"20859,",94.92
crossmatch-result-22470.txt,"22470,",94.99
crossmatch-result-24028.txt,"24028,",94.06
crossmatch-result-21985.txt,"21985,",92.82
crossmatch-result-20313.txt,"20313,",95.79
crossmatch-result-20744.txt,"20744,",93.93
crossmatch-result-25479.txt,"25479,",85.96
crossmatch-result-21510.txt,"21510,",93.91
crossmatch-result-20679.txt,"20679,",90.41
crossmatch-result-20364.txt,"20364,",95.04
crossmatch-result-29427.txt,"29427,",95.75
crossmatch-result-21631.txt,"21631,",95.99
crossmatch-result-21633.txt,"21633,",95.35
crossmatch-result-40997.txt,"40997,",94.97
crossmatch-result-20328.txt,"20328,",92.82
crossmatch-result-20285.txt,"20285,",82.04
crossmatch-result-20558.txt,"20558,",94.05
crossmatch-result-21457.txt,"21457,",94.63
crossmatch-result-21109.txt,"21109,",93.79
crossmatch-result-21385.txt,"21385,",93.18
crossmatch-result-22444.txt,"22444,",92.05
crossmatch-result-21954.txt,"21954,",95.02
crossmatch-result-21956.txt,"21956,",93.11
crossmatch-result-22661.txt,"22661,",85.38
crossmatch-result-21962.txt,"21962,",92.33
crossmatch-result-21923.txt,"21923,",95.08
crossmatch-result-21918.txt,"21918,",94.73
crossmatch-result-20601.txt,"20601,",93.93
crossmatch-result-22117.txt,"22117,",95.17
crossmatch-result-23871.txt,"23871,",91.93
crossmatch-result-20175.txt,"20175,",88.03
crossmatch-result-21864.txt,"21864,",95.21
crossmatch-result-20818.txt,"20818,",93.49
crossmatch-result-22154.txt,"22154,",93.07
crossmatch-result-21147.txt,"21147,",94.96
crossmatch-result-20693.txt,"20693,",94.47
crossmatch-result-21039.txt,"21039,",94.76
crossmatch-result-20337.txt,"20337,",90.66
crossmatch-result-20297.txt,"20297,",90.37
crossmatch-result-20295.txt,"20295,",85.45
crossmatch-result-20342.txt,"20342,",89.14
crossmatch-result-29339.txt,"29339,",93.72
crossmatch-result-20666.txt,"20666,",95.58
crossmatch-result-21065.txt,"21065,",94.75
crossmatch-result-22462.txt,"22462,",92.76
crossmatch-result-21972.txt,"21972,",95.65
crossmatch-result-20303.txt,"20303,",86.52
crossmatch-result-22149.txt,"22149,",94.23
crossmatch-result-25704.txt,"25704,",87.14
crossmatch-result-20760.txt,"20760,",94.61
crossmatch-result-20301.txt,"20301,",81.85
crossmatch-result-20490.txt,"20490,",89.71
crossmatch-result-20681.txt,"20681,",91.42
crossmatch-result-20443.txt,"20443,",95.03
crossmatch-result-21949.txt,"21949,",94.62
crossmatch-result-20573.txt,"20573,",93.95
crossmatch-result-21397.txt,"21397,",95.4
crossmatch-result-21905.txt,"21905,",94.48
crossmatch-result-22454.txt,"22454,",94.7
crossmatch-result-22673.txt,"22673,",86.95
crossmatch-result-20650.txt,"20650,",85.1
crossmatch-result-21662.txt,"21662,",94.06
crossmatch-result-21293.txt,"21293,",95.16
crossmatch-result-21543.txt,"21543,",95.47
crossmatch-result-21835.txt,"21835,",93.1
crossmatch-result-22042.txt,"22042,",93.16
crossmatch-result-20762.txt,"20762,",94.35
crossmatch-result-20596.txt,"20596,",93.45
crossmatch-result-20165.txt,"20165,",82.71
crossmatch-result-21500.txt,"21500,",92.11
crossmatch-result-20807.txt,"20807,",94.19
crossmatch-result-21618.txt,"21618,",92.45
crossmatch-result-20441.txt,"20441,",87.29
crossmatch-result-21621.txt,"21621,",94.1
crossmatch-result-22882.txt,"22882,",85.13
crossmatch-result-22564.txt,"22564,",91.52
crossmatch-result-22487.txt,"22487,",92.99
crossmatch-result-20831.txt,"20831,",96.51
crossmatch-result-20759.txt,"20759,",92.27
crossmatch-result-22648.txt,"22648,",81.73
crossmatch-result-21891.txt,"21891,",95.81
crossmatch-result-21946.txt,"21946,",94.07
crossmatch-result-20627.txt,"20627,",92.95
crossmatch-result-20571.txt,"20571,",95.03
crossmatch-result-20628.txt,"20628,",95.86
crossmatch-result-21395.txt,"21395,",94.22
crossmatch-result-22322.txt,"22322,",95.23
crossmatch-result-22037.txt,"22037,",95.25
crossmatch-result-21067.txt,"21067,",95.25
crossmatch-result-21750.txt,"21750,",94.77
crossmatch-result-21908.txt,"21908,",94.51
crossmatch-result-21080.txt,"21080,",94.96
crossmatch-result-20599.txt,"20599,",94.74
crossmatch-result-20168.txt,"20168,",87.22
crossmatch-result-23863.txt,"23863,",93.7
crossmatch-result-21432.txt,"21432,",95.51
crossmatch-result-22566.txt,"22566,",92.43
crossmatch-result-21766.txt,"21766,",89.13
crossmatch-result-20611.txt,"20611,",85.08
crossmatch-result-20901.txt,"20901,",94.8
crossmatch-result-21053.txt,"21053,",94.33
crossmatch-result-20374.txt,"20374,",88.83
crossmatch-result-20625.txt,"20625,",93.6
crossmatch-result-21590.txt,"21590,",95.76
crossmatch-result-21893.txt,"21893,",95.56
crossmatch-result-25452.txt,"25452,",92.6
crossmatch-result-21398.txt,"21398,",93.64
crossmatch-result-21404.txt,"21404,",95.3
crossmatch-result-22460.txt,"22460,",94.73
crossmatch-result-21842.txt,"21842,",93.21
crossmatch-result-20721.txt,"20721,",91.14
crossmatch-result-20787.txt,"20787,",92.65
crossmatch-result-20391.txt,"20391,",94.01
crossmatch-result-20475.txt,"20475,",94.82
crossmatch-result-20478.txt,"20478,",90.74
crossmatch-result-20805.txt,"20805,",94.76
crossmatch-result-29341.txt,"29341,",94.05
crossmatch-result-24630.txt,"24630,",95.31
crossmatch-result-21685.txt,"21685,",93.05
crossmatch-result-22355.txt,"22355,",94.2
crossmatch-result-20509.txt,"20509,",93.44
crossmatch-result-20400.txt,"20400,",95.17
crossmatch-result-21997.txt,"21997,",87.45
crossmatch-result-21876.txt,"21876,",93.15
crossmatch-result-22488.txt,"22488,",91.25
crossmatch-result-29572.txt,"29572,",96.16
crossmatch-result-29442.txt,"29442,",95.38
crossmatch-result-21541.txt,"21541,",95.48
crossmatch-result-21473.txt,"21473,",94.8
crossmatch-result-22456.txt,"22456,",94.45
crossmatch-result-21907.txt,"21907,",94.88
crossmatch-result-22040.txt,"22040,",95.2
crossmatch-result-25466.txt,"25466,",86.98
crossmatch-result-20788.txt,"20788,",90.52
crossmatch-result-20723.txt,"20723,",90.47
crossmatch-result-21970.txt,"21970,",94.11
crossmatch-result-21752.txt,"21752,",93.68
crossmatch-result-20477.txt,"20477,",93.95
crossmatch-result-20530.txt,"20530,",94.45
crossmatch-result-41287.txt,"41287,",91.14
crossmatch-result-24632.txt,"24632,",95.15
crossmatch-result-21687.txt,"21687,",94.88
crossmatch-result-21933.txt,"21933,",95.21
crossmatch-result-21874.txt,"21874,",91.79
crossmatch-result-20272.txt,"20272,",95.66
crossmatch-result-21995.txt,"21995,",94.47
crossmatch-result-21803.txt,"21803,",94.48
crossmatch-result-22485.txt,"22485,",93.14
crossmatch-result-21372.txt,"21372,",95.61
crossmatch-result-21447.txt,"21447,",96.14
crossmatch-result-21879.txt,"21879,",92.99
crossmatch-result-21155.txt,"21155,",93.87
crossmatch-result-20340.txt,"20340,",92.13
crossmatch-result-21051.txt,"21051,",94.24
crossmatch-result-20298.txt,"20298,",85.03
crossmatch-result-20376.txt,"20376,",89.06
crossmatch-result-21471.txt,"21471,",91.47
crossmatch-result-20151.txt,"20151,",87.58
crossmatch-result-21837.txt,"21837,",94.09
crossmatch-result-22525.txt,"22525,",91.85
crossmatch-result-21840.txt,"21840,",94.22
crossmatch-result-21409.txt,"21409,",95.35
crossmatch-result-22459.txt,"22459,",92.41
crossmatch-result-20785.txt,"20785,",92.58
crossmatch-result-21333.txt,"21333,",94.35
crossmatch-result-33102.txt,"33102,",92.48
crossmatch-result-20669.txt,"20669,",88.57
crossmatch-result-21998.txt,"21998,",93.81
crossmatch-result-21764.txt,"21764,",94.7
crossmatch-result-21931.txt,"21931,",94.85
crossmatch-result-20898.txt,"20898,",95.84
crossmatch-result-20756.txt,"20756,",94.38
crossmatch-result-20903.txt,"20903,",94.05
crossmatch-result-21445.txt,"21445,",93.75
crossmatch-result-20833.txt,"20833,",94.39
crossmatch-result-20504.txt,"20504,",92.08
crossmatch-result-20338.txt,"20338,",90.82
crossmatch-result-21592.txt,"21592,",95.17
crossmatch-result-21534.txt,"21534,",94.49
crossmatch-result-20715.txt,"20715,",88.94
crossmatch-result-21659.txt,"21659,",93.33
crossmatch-result-22035.txt,"22035,",95.89
crossmatch-result-22038.txt,"22038,",95.43
crossmatch-result-20717.txt,"20717,",88.95
crossmatch-result-20718.txt,"20718,",87.77
crossmatch-result-20846.txt,"20846,",95.53
crossmatch-result-22609.txt,"22609,",95.7
crossmatch-result-20652.txt,"20652,",83.54
crossmatch-result-21496.txt,"21496,",93.13
crossmatch-result-20167.txt,"20167,",84.52
crossmatch-result-20532.txt,"20532,",93.21
crossmatch-result-20664.txt,"20664,",90.76
crossmatch-result-23822.txt,"23822,",95.71
crossmatch-result-20808.txt,"20808,",94.05
crossmatch-result-21617.txt,"21617,",93.94
crossmatch-result-20439.txt,"20439,",93.06
crossmatch-result-20754.txt,"20754,",96.02
crossmatch-result-21448.txt,"21448,",94.18
crossmatch-result-21654.txt,"21654,",94.3
crossmatch-result-21656.txt,"21656,",93.83
crossmatch-result-21660.txt,"21660,",92.79
crossmatch-result-21406.txt,"21406,",94.89
crossmatch-result-20844.txt,"20844,",93.68
crossmatch-result-21838.txt,"21838,",93.15
crossmatch-result-21068.txt,"21068,",94.22
crossmatch-result-20849.txt,"20849,",95.7
crossmatch-result-20594.txt,"20594,",87.19
crossmatch-result-21331.txt,"21331,",93.09
crossmatch-result-21494.txt,"21494,",93.36
crossmatch-result-20434.txt,"20434,",92.53
crossmatch-result-23101.txt,"23101,",93.93
crossmatch-result-21499.txt,"21499,",94.09
crossmatch-result-23861.txt,"23861,",92.38
crossmatch-result-21502.txt,"21502,",94.82
crossmatch-result-23179.txt,"23179,",94.39
crossmatch-result-22880.txt,"22880,",94.34
crossmatch-result-20436.txt,"20436,",95.12
crossmatch-result-21688.txt,"21688,",94.38
crossmatch-result-21623.txt,"21623,",95.37
crossmatch-result-20402.txt,"20402,",94.76
crossmatch-result-20613.txt,"20613,",88.67
crossmatch-result-20897.txt,"20897,",95.91
crossmatch-result-20683.txt,"20683,",92.27
